txn_id,split,label
19528,train,0
2332,train,0
15617,train,0
12968,train,0
8956,train,0
4995,train,0
19681,train,0
11963,train,0
17609,train,0
10176,train,0
15112,train,0
19516,train,0
9481,train,0
13147,train,0
6530,train,0
1421,train,0
14297,train,0
12259,train,0
13173,train,0
1956,train,0
5521,train,0
100,train,0
19844,train,0
2200,train,0
17988,train,0
9833,train,0
16906,train,0
3037,train,0
247,train,0
17850,train,0
19717,train,0
19079,train,0
15929,train,0
18294,train,0
994,train,0
883,train,0
5931,train,0
9425,train,0
17870,train,0
17087,train,0
5056,train,0
13646,train,0
13570,train,0
8310,train,0
14716,train,0
5652,train,0
8444,train,0
7994,train,0
4006,train,0
8955,train,0
1007,train,0
16312,train,0
1297,train,0
8935,train,0
14884,train,0
2465,train,0
3348,train,0
14932,train,0
11193,train,0
7917,train,0
4815,train,0
13198,train,0
13768,train,0
14728,train,0
10824,train,0
1605,train,0
1446,train,0
9663,train,0
9030,train,0
3976,train,0
19540,train,0
5918,train,0
11961,train,0
7720,train,0
1406,train,0
9093,train,0
19196,train,0
5815,train,0
6216,train,0
18265,train,0
11634,train,0
15539,train,0
15777,train,0
589,train,0
1830,train,0
11669,train,0
16984,train,0
19416,train,0
1552,train,0
1717,train,0
16470,train,0
19455,train,0
17887,train,0
14734,train,0
7566,train,0
17232,train,0
19240,train,0
1896,train,0
11742,train,0
6280,train,0
2605,train,0
14608,train,0
16798,train,0
6124,train,0
6798,train,0
14331,train,0
7847,train,0
8035,train,0
8724,train,0
18136,train,0
16165,train,0
2888,train,0
5519,train,0
3254,train,0
2276,train,0
9804,train,0
5585,train,0
11503,train,0
3256,train,0
244,train,0
11308,train,0
12703,train,0
10987,train,0
12366,train,0
7298,train,0
11615,train,0
12492,train,0
1362,train,0
15697,train,0
10998,train,0
4407,train,0
11524,train,0
6112,train,0
6258,train,0
4593,train,0
10330,train,0
13084,train,0
6713,train,0
10062,train,0
10393,train,0
19228,train,0
14026,train,0
5553,train,0
1271,train,0
7716,train,0
9998,train,0
711,train,0
2415,train,0
9776,train,0
19085,train,0
12560,train,0
19103,train,0
5823,train,0
7762,train,0
19632,train,0
13093,train,0
10242,train,0
6304,train,0
18445,train,0
6981,train,0
1835,train,0
13498,train,0
12467,train,1
19890,train,0
5129,train,0
14886,train,0
17121,train,0
7817,train,0
5134,train,0
5574,train,0
12755,train,0
13431,train,0
18887,train,0
9669,train,0
3545,train,0
10124,train,0
13808,train,0
13626,train,0
14,train,0
19182,train,0
18218,train,0
19812,train,0
17451,train,0
19309,train,0
319,train,0
8827,train,0
4266,train,0
1130,train,0
10276,train,0
5996,train,0
568,train,0
1313,train,0
11499,train,0
1108,train,0
15898,train,0
10446,train,0
15949,train,0
14908,train,0
8895,train,0
15497,train,0
10419,train,0
19083,train,0
17977,train,0
13871,train,0
18037,train,0
1491,train,0
8944,train,0
7225,train,0
835,train,0
18181,train,0
4805,train,0
17173,train,0
18620,train,0
3077,train,0
192,train,0
9113,train,0
3484,train,0
1519,train,0
11234,train,0
8659,train,0
7069,train,0
8567,train,0
9666,train,0
18076,train,0
6706,train,1
18101,train,0
10474,train,0
3882,train,0
11547,train,0
19477,train,0
14498,train,0
11349,train,0
19434,train,0
9922,train,0
19791,train,0
8669,train,0
13257,train,0
13055,train,0
7511,train,0
10931,train,0
392,train,0
7126,train,0
3121,train,0
12047,train,0
6445,train,0
1096,train,0
2429,train,0
3361,train,0
8586,train,0
674,train,0
5209,train,0
5104,train,0
5244,train,0
18576,train,0
15858,train,0
19862,train,0
19481,train,0
6068,train,0
1141,train,0
5723,train,0
8679,train,0
18897,train,0
5783,train,0
6149,train,0
7428,train,0
16987,train,0
12702,train,0
2278,train,0
14038,train,0
17920,train,0
7672,train,0
12678,train,0
6633,train,0
7983,train,0
3696,train,0
19335,train,0
14027,train,0
4487,train,0
19283,train,0
2376,train,0
18441,train,0
12125,train,0
13267,train,0
577,train,0
6559,train,0
10277,train,0
5705,train,0
4093,train,0
851,train,0
10573,train,0
9359,train,0
25,train,0
619,train,0
6659,train,0
18612,train,0
3701,train,0
19480,train,0
19104,train,0
15373,train,0
16433,train,0
17354,train,0
12831,train,0
11799,train,0
17176,train,0
9946,train,0
14366,train,0
478,train,0
19921,train,0
7530,train,0
19191,train,0
12255,train,0
6563,train,0
1791,train,0
5836,train,0
4310,train,0
6799,train,0
8461,train,0
16248,train,0
13779,train,0
8477,train,0
12136,train,0
11575,train,0
57,train,0
11058,train,0
12379,train,0
388,train,0
18920,train,0
4927,train,0
11071,train,0
1444,train,0
9236,train,0
3489,train,0
2454,train,0
17842,train,0
7709,train,0
16446,train,0
144,train,0
12122,train,0
15838,train,0
4228,train,0
11405,train,0
18681,train,0
4345,train,0
9938,train,0
19129,train,0
13809,train,0
8186,train,0
15842,train,0
701,train,0
15968,train,0
13305,train,0
6867,train,0
19031,train,0
5762,train,0
18141,train,0
9695,train,0
5552,train,0
4832,train,0
18664,train,0
17864,train,0
11279,train,0
5843,train,0
1965,train,0
9525,train,0
7014,train,0
11274,train,0
894,train,0
11935,train,0
1068,train,0
13351,train,0
10057,train,0
10462,train,0
1027,train,0
5630,train,0
11984,train,0
1611,train,0
27,train,0
8961,train,0
8904,train,0
18569,train,0
15556,train,0
11377,train,0
18224,train,0
10924,train,0
5096,train,0
13561,train,0
18008,train,0
16621,train,0
15674,train,0
2886,train,0
15083,train,0
1503,train,0
19711,train,0
2416,train,0
363,train,0
11564,train,0
17471,train,0
5901,train,0
6601,train,0
15390,train,0
18001,train,0
17221,train,0
12066,train,0
6795,train,0
7197,train,0
558,train,0
11947,train,0
1091,train,0
18225,train,0
6856,train,0
8996,train,0
3021,train,0
10044,train,0
9684,train,0
5105,train,0
3983,train,0
16391,train,0
19793,train,0
5426,train,0
9646,train,0
15198,train,0
19422,train,0
8424,train,0
11843,train,0
17196,train,0
12955,train,0
607,train,0
19919,train,0
2081,train,0
14019,train,0
287,train,0
7201,train,0
19419,train,0
4762,train,0
1554,train,0
10775,train,0
16375,train,0
14834,train,0
4791,train,0
2546,train,0
1824,train,0
9268,train,0
11553,train,0
12224,train,0
14232,train,0
2516,train,0
9817,train,0
18933,train,0
8637,train,0
15596,train,0
12028,train,0
16102,train,0
17530,train,0
3257,train,0
15998,train,0
408,train,0
9413,train,0
7641,train,0
17831,train,0
10513,train,0
9993,train,0
18645,train,0
7586,train,0
15688,train,0
15861,train,0
17756,train,0
11122,train,0
8666,train,0
16411,train,0
10162,train,0
17619,train,0
5095,train,0
14856,train,0
8084,train,0
780,train,0
16383,train,0
6969,train,0
11938,train,0
258,train,0
15695,train,0
15879,train,0
16549,train,0
19716,train,0
9582,train,0
1467,train,0
14024,train,0
3554,train,0
11204,train,0
18830,train,0
16150,train,0
17660,train,0
18303,train,0
11925,train,0
4299,train,0
4082,train,0
7392,train,0
6893,train,0
2633,train,0
8434,train,0
9670,train,0
15951,train,0
14246,train,0
18408,train,0
11602,train,0
16490,train,0
4607,train,0
18885,train,0
2083,train,0
18273,train,0
19188,train,0
1934,train,0
16378,train,0
17461,train,0
3251,train,0
1685,train,0
18126,train,0
6242,train,0
8491,train,0
7370,train,0
17358,train,0
1931,train,0
16780,train,0
19807,train,0
716,train,0
8445,train,0
3328,train,0
12171,train,0
9296,train,0
1305,train,0
8448,train,0
14344,train,0
16179,train,0
17148,train,0
17837,train,0
8184,train,0
12608,train,0
401,train,0
8820,train,0
2809,train,0
13107,train,0
10894,train,0
763,train,0
4768,train,0
1574,train,0
5814,train,0
18012,train,0
13596,train,0
3364,train,0
14835,train,0
7587,train,0
14035,train,0
14318,train,0
6740,train,0
18721,train,0
13342,train,0
9903,train,0
2468,train,0
6060,train,0
14988,train,0
10177,train,0
18930,train,0
1645,train,0
9207,train,0
3486,train,0
7283,train,0
1837,train,0
19156,train,0
6609,train,0
1253,train,0
18737,train,0
15367,train,0
6231,train,0
10344,train,0
11081,train,0
17914,train,0
19759,train,0
19278,train,0
11359,train,0
16629,train,0
9653,train,0
12077,train,0
15307,train,0
14949,train,0
12148,train,0
12192,train,0
10481,train,0
15317,train,0
7246,train,0
17183,train,0
13989,train,0
10496,train,0
12380,train,0
13967,train,0
3335,train,0
14082,train,0
14564,train,0
18201,train,0
511,train,0
8254,train,0
9951,train,0
426,train,0
9752,train,0
17581,train,0
11647,train,0
4131,train,0
14813,train,0
7430,train,0
10161,train,0
11785,train,0
637,train,0
16143,train,0
12978,train,0
9100,train,0
7609,train,0
7488,train,0
2322,train,0
15316,train,0
1233,train,0
1071,train,0
17727,train,0
343,train,0
7910,train,0
17595,train,0
10247,train,0
11498,train,0
16253,train,0
1718,train,0
5888,train,0
18610,train,0
16876,train,0
1147,train,0
787,train,0
12516,train,0
17978,train,0
2736,train,0
17994,train,0
19663,train,0
1176,train,0
14655,train,0
3452,train,0
18444,train,0
8911,train,0
5440,train,0
3011,train,0
19773,train,0
9906,train,0
7491,train,0
7710,train,0
11646,train,0
4078,train,0
3979,train,0
1308,train,0
15199,train,0
14939,train,0
8382,train,0
17416,train,0
12355,train,0
19187,train,0
18143,train,0
1972,train,0
14085,train,0
6843,train,0
10583,train,0
17051,train,0
2351,train,0
1082,train,0
6602,train,0
15341,train,0
19260,train,0
3520,train,0
19195,train,0
18157,train,0
1593,train,0
3461,train,0
16784,train,0
10402,train,0
7141,train,0
10457,train,0
19997,train,0
1898,train,0
2269,train,0
15161,train,0
13834,train,0
13479,train,0
5647,train,0
5049,train,0
17474,train,0
556,train,0
7098,train,0
8132,train,0
10644,train,0
2640,train,0
8161,train,0
10847,train,0
5824,train,0
16355,train,0
19376,train,0
13008,train,0
7704,train,0
12061,train,0
12827,train,0
14917,train,0
12328,train,0
834,train,0
12677,train,0
9583,train,0
4394,train,0
19611,train,0
15417,train,0
2834,train,0
17477,train,0
13303,train,0
6775,train,0
14061,train,0
3585,train,0
16466,train,0
9174,train,0
10690,train,0
19866,train,0
9420,train,0
19038,train,0
1454,train,0
12808,train,0
16279,train,0
10934,train,0
14573,train,0
15450,train,0
11946,train,0
12861,train,0
18338,train,0
15682,train,0
15912,train,0
2985,train,0
16617,train,0
11117,train,0
3615,train,0
2246,train,0
3926,train,0
5409,train,0
5503,train,0
9338,train,0
6074,train,0
13923,train,0
10271,train,0
2584,train,0
11740,train,0
1470,train,0
15165,train,0
13447,train,0
19120,train,0
873,train,0
8953,train,0
6100,train,0
3647,train,0
3714,train,0
9160,train,0
15088,train,0
2848,train,0
352,train,0
843,train,0
3703,train,0
12983,train,0
221,train,0
15533,train,0
9291,train,0
10887,train,0
14462,train,0
3031,train,0
16439,train,0
505,train,0
12667,train,0
241,train,0
2704,train,0
7903,train,0
793,train,0
13556,train,0
18652,train,0
5113,train,0
12447,train,0
7776,train,0
17551,train,0
1883,train,0
19583,train,0
3227,train,0
17411,train,0
10366,train,0
3963,train,0
8731,train,0
1310,train,0
8031,train,0
15971,train,0
13795,train,0
18846,train,0
17210,train,0
12604,train,0
2249,train,0
14590,train,0
598,train,0
7070,train,0
15452,train,0
15871,train,0
16644,train,0
679,train,0
17366,train,0
11466,train,0
2291,train,0
5078,train,0
16073,train,0
7705,train,0
16813,train,0
12499,train,0
13282,train,0
12310,train,0
7593,train,0
16685,train,0
18800,train,0
17569,train,0
11934,train,0
8968,train,0
12912,train,0
681,train,1
14086,train,0
12166,train,0
12832,train,0
2439,train,0
785,train,0
2545,train,0
2981,train,0
10706,train,0
19530,train,0
4334,train,0
19401,train,0
11962,train,0
4587,train,0
16838,train,0
1794,train,0
1732,train,0
7513,train,0
13189,train,0
9051,train,0
15293,train,0
11000,train,0
13686,train,0
6734,train,0
18159,train,0
2046,train,0
18007,train,0
486,train,0
15398,train,0
16568,train,0
7434,train,0
7116,train,0
5000,train,0
1957,train,0
9307,train,0
6429,train,0
5434,train,0
17404,train,0
10786,train,0
19639,train,0
8981,train,0
10722,train,0
19321,train,0
11973,train,0
18963,train,0
10150,train,0
14290,train,0
10802,train,0
14186,train,0
16911,train,0
6179,train,0
3274,train,0
7582,train,0
8052,train,0
2759,train,0
6056,train,0
1893,train,0
14923,train,0
15643,train,0
12411,train,0
7804,train,0
339,train,0
16797,train,0
11324,train,0
15885,train,0
19405,train,0
11933,train,0
10069,train,0
2610,train,0
301,train,0
11477,train,0
8361,train,0
16085,train,0
1382,train,0
14213,train,0
3239,train,0
11862,train,0
10250,train,0
7494,train,0
13029,train,0
3252,train,0
5619,train,0
7948,train,0
5392,train,0
18855,train,0
5355,train,0
14075,train,0
6766,train,0
11754,train,0
18564,train,0
1461,train,0
4361,train,0
11335,train,0
16583,train,0
12344,train,0
8648,train,0
8829,train,0
4022,train,0
17687,train,0
19562,train,0
7144,train,0
17509,train,0
17076,train,0
2506,train,0
11516,train,0
13836,train,0
19251,train,0
9612,train,0
14987,train,0
17589,train,0
10629,train,0
2987,train,0
795,train,0
148,train,0
16047,train,0
19573,train,0
10678,train,0
5245,train,0
18512,train,0
17861,train,0
1255,train,0
4496,train,0
17240,train,0
18660,train,0
3780,train,0
14842,train,0
2129,train,0
6906,train,0
19082,train,0
5586,train,0
7196,train,0
15357,train,0
14804,train,0
14012,train,0
14737,train,0
12320,train,0
6682,train,0
11893,train,0
16030,train,0
16616,train,0
15251,train,0
11018,train,0
4010,train,0
13292,train,0
17618,train,0
11475,train,0
9895,train,0
13346,train,0
11658,train,0
17858,train,0
5234,train,0
11248,train,0
3265,train,0
16699,train,0
7725,train,0
7326,train,0
16817,train,0
14639,train,0
7312,train,0
6436,train,0
19300,train,0
6947,train,0
9830,train,0
6859,train,0
17244,train,0
885,train,0
18310,train,0
12734,train,0
4914,train,0
4952,train,0
4319,train,0
12940,train,0
16039,train,0
9254,train,0
1300,train,0
19395,train,0
19087,train,0
12822,train,0
2232,train,0
2340,train,0
8039,train,0
9683,train,0
11920,train,0
14788,train,0
10544,train,0
10846,train,0
9126,train,0
4034,train,0
2933,train,0
17990,train,0
5522,train,0
9742,train,0
12907,train,0
19954,train,0
17668,train,0
10500,train,0
2021,train,0
11402,train,0
19749,train,0
13167,train,0
10774,train,0
17940,train,0
4827,train,0
7325,train,0
12087,train,0
19347,train,0
13930,train,0
10281,train,0
6639,train,0
16138,train,0
17636,train,0
615,train,0
7940,train,0
15902,train,0
18296,train,0
5109,train,0
2501,train,0
3407,train,0
2499,train,0
10659,train,0
13395,train,0
1916,train,0
13347,train,0
6754,train,0
5432,train,0
7655,train,0
1056,train,0
6263,train,0
10858,train,0
12849,train,0
18318,train,0
7949,train,0
2149,train,0
2628,train,0
9545,train,0
3185,train,0
18924,train,0
4163,train,0
9692,train,0
8688,train,0
5088,train,0
4133,train,0
19861,train,0
7827,train,0
13801,train,0
2268,train,0
801,train,0
14224,train,0
11966,train,0
15916,train,0
4759,train,0
3034,train,0
4865,train,0
14185,train,0
15934,train,0
18967,train,0
19732,train,0
14683,train,0
4566,train,0
10453,train,0
170,train,0
12337,train,0
12844,train,0
2703,train,0
1532,train,0
10385,train,0
12789,train,0
6838,train,0
3008,train,0
9857,train,0
8074,train,0
1682,train,0
12958,train,0
11870,train,0
9429,train,0
1533,train,0
12059,train,0
13500,train,0
14451,train,0
8954,train,0
13465,train,0
6158,train,0
11922,train,0
4592,train,0
18728,train,0
7271,train,0
10562,train,0
18837,train,0
16857,train,0
4950,train,0
13245,train,0
2060,train,0
15952,train,0
7879,train,0
1132,train,0
5925,train,0
13533,train,0
5534,train,0
18487,train,0
65,train,0
13124,train,0
4946,train,0
13821,train,0
1981,train,0
3531,train,0
9802,train,0
1980,train,0
7642,train,0
6403,train,0
13275,train,0
8695,train,0
17351,train,0
4686,train,0
16273,train,0
9848,train,0
14292,train,0
7436,train,0
6239,train,0
1048,train,0
3405,train,0
4412,train,0
5160,train,0
19318,train,0
15850,train,0
2894,train,0
6951,train,0
18473,train,0
17948,train,0
11910,train,0
1884,train,0
1886,train,0
9058,train,0
4315,train,0
1639,train,0
18888,train,0
11264,train,0
4185,train,0
6313,train,0
663,train,0
5765,train,0
4040,train,0
5780,train,0
11540,train,0
13130,train,0
15214,train,0
347,train,0
15575,train,0
1355,train,0
3063,train,0
7763,train,0
17714,train,0
2561,train,0
14506,train,0
15748,train,0
7071,train,0
18831,train,0
17420,train,0
16637,train,0
7675,train,0
16199,train,0
19358,train,0
3020,train,0
5515,train,0
16232,train,0
6366,train,0
7469,train,0
5346,train,0
8918,train,0
19727,train,0
503,train,0
6340,train,0
4869,train,0
573,train,0
19051,train,0
16540,train,0
6212,train,0
12895,train,0
18948,train,0
5103,train,0
17448,train,0
10075,train,0
11820,train,0
6153,train,0
5278,train,0
2447,train,0
11367,train,0
4076,train,0
12168,train,0
5802,train,0
3814,train,0
5020,train,0
13683,train,0
17862,train,0
477,train,0
5916,train,0
9613,train,0
16677,train,0
16950,train,0
12180,train,1
15923,train,0
6353,train,0
8638,train,0
14268,train,0
16500,train,0
14272,train,0
4480,train,0
3374,train,0
1700,train,0
6518,train,0
13700,train,0
7619,train,0
14809,train,0
3612,train,0
15899,train,0
15142,train,0
6587,train,0
979,train,0
10569,train,0
9651,train,0
19231,train,0
11284,train,0
18488,train,0
2725,train,0
8138,train,0
16801,train,0
4423,train,0
9487,train,0
1159,train,0
17425,train,0
1510,train,0
6822,train,0
4200,train,0
10773,train,0
11781,train,0
3744,train,0
3642,train,0
5793,train,0
9459,train,0
19752,train,0
2823,train,0
5958,train,0
2156,train,0
4569,train,0
6653,train,0
5572,train,0
6371,train,0
16310,train,0
18332,train,0
14775,train,0
15071,train,0
9366,train,0
10768,train,0
12462,train,0
9035,train,0
2029,train,0
5358,train,0
3383,train,0
13703,train,0
17856,train,0
13385,train,0
3713,train,0
19039,train,0
5076,train,0
15235,train,0
16847,train,0
18469,train,0
7897,train,0
13628,train,0
14099,train,0
2554,train,0
15152,train,0
3742,train,0
9392,train,0
16526,train,0
16357,train,0
2867,train,0
18704,train,0
1949,train,0
10701,train,0
12550,train,0
17264,train,0
14519,train,0
4501,train,0
16374,train,0
952,train,0
3168,train,0
4997,train,0
7198,train,0
15080,train,0
6050,train,0
18108,train,0
11019,train,0
4994,train,0
4972,train,0
13847,train,0
1825,train,0
4671,train,0
13375,train,0
19909,train,0
1029,train,0
9650,train,0
15841,train,0
1126,train,0
18750,train,0
15241,train,0
6154,train,0
17587,train,0
3527,train,0
5648,train,0
8095,train,0
15511,train,0
8034,train,0
4941,train,0
6009,train,0
10050,train,0
3923,train,0
19142,train,0
10341,train,0
15177,train,0
10452,train,0
16970,train,0
6898,train,1
1770,train,0
19667,train,0
16645,train,0
18834,train,0
3658,train,0
2616,train,0
11053,train,0
4716,train,0
13543,train,0
7919,train,0
572,train,0
3746,train,0
13341,train,0
16862,train,0
5003,train,0
15919,train,0
7184,train,0
3511,train,0
3627,train,0
11958,train,0
5353,train,0
16118,train,0
1301,train,0
11931,train,0
624,train,0
1020,train,0
2470,train,0
5831,train,0
12273,train,0
14563,train,0
13435,train,0
812,train,0
12370,train,0
16000,train,0
566,train,0
11508,train,0
659,train,0
7848,train,0
17428,train,0
7548,train,0
357,train,0
6051,train,0
8080,train,0
4431,train,0
2851,train,0
1324,train,0
13790,train,0
8763,train,0
15204,train,0
12026,train,0
963,train,0
14671,train,0
13119,train,0
3753,train,0
394,train,0
16458,train,0
8993,train,0
9205,train,0
14256,train,0
13194,train,0
10483,train,0
9157,train,0
8294,train,0
15605,train,0
3785,train,0
11665,train,0
4023,train,0
2431,train,0
8072,train,0
9665,train,0
19604,train,0
12943,train,0
3260,train,0
6419,train,0
3465,train,0
16237,train,0
14508,train,0
7143,train,0
7596,train,0
11213,train,0
19784,train,0
11292,train,0
9775,train,0
1394,train,0
16326,train,0
8059,train,0
12869,train,0
19169,train,0
5560,train,0
9788,train,0
11187,train,0
4944,train,0
12724,train,0
7684,train,0
127,train,0
10350,train,0
6872,train,0
6118,train,0
13705,train,0
2641,train,0
12048,train,0
10600,train,0
6046,train,0
15559,train,0
3232,train,0
11017,train,0
9816,train,0
8881,train,0
3709,train,0
9383,train,0
2425,train,0
8332,train,0
4690,train,0
7981,train,0
5980,train,0
11982,train,0
7194,train,0
9281,train,0
9604,train,0
11798,train,0
9944,train,0
762,train,0
8429,train,0
19022,train,0
5344,train,0
14413,train,0
18311,train,0
3680,train,0
3321,train,0
12836,train,0
16198,train,0
6329,train,0
19292,train,0
8399,train,0
7020,train,0
14152,train,0
16493,train,0
595,train,0
13371,train,0
16867,train,0
7681,train,0
7765,train,0
12532,train,0
19719,train,0
8431,train,0
10200,train,0
1701,train,0
11016,train,0
14029,train,0
5544,train,0
4515,train,0
529,train,0
4264,train,0
7432,train,0
9891,train,0
11034,train,0
10951,train,0
19440,train,0
9288,train,0
11661,train,0
2678,train,0
11638,train,0
6290,train,0
2105,train,0
386,train,0
3706,train,0
3147,train,0
15414,train,0
2272,train,0
8670,train,0
7732,train,0
3223,train,0
5018,train,0
5779,train,0
13349,train,0
6608,train,0
18043,train,0
10215,train,0
10246,train,0
13947,train,0
12307,train,0
15798,train,0
752,train,0
2277,train,0
16522,train,0
8450,train,0
17630,train,0
5115,train,0
7153,train,0
6814,train,0
14327,train,0
14233,train,0
128,train,0
8785,train,0
7493,train,0
9493,train,0
11736,train,0
4615,train,0
10268,train,0
17607,train,0
1276,train,0
13393,train,0
13058,train,0
12820,train,0
2175,train,0
10136,train,0
4748,train,0
12181,train,0
13824,train,0
5868,train,0
7798,train,0
12811,train,0
1927,train,0
8903,train,0
6338,train,0
16586,train,0
2632,train,0
13367,train,0
17346,train,0
2038,train,0
5082,train,0
10212,train,0
2464,train,0
4632,train,0
13320,train,0
4318,train,0
1759,train,0
15303,train,0
18713,train,0
13491,train,0
9559,train,0
5535,train,0
7416,train,0
12637,train,0
6665,train,0
6446,train,0
19280,train,0
9921,train,0
15325,train,0
9293,train,0
1050,train,0
4004,train,0
1622,train,0
5633,train,0
18236,train,0
12768,train,0
3826,train,0
10140,train,0
907,train,0
9244,train,0
4403,train,0
8784,train,0
17476,train,0
4099,train,0
18011,train,0
0,train,0
7500,train,0
7782,train,0
17944,train,0
4161,train,0
16880,train,0
17039,train,0
1853,train,0
3738,train,0
6077,train,0
18256,train,0
7007,train,0
13467,train,0
11913,train,0
3291,train,0
169,train,0
953,train,0
8500,train,0
160,train,0
5102,train,0
12044,train,0
9771,train,0
10633,train,0
19572,train,0
7367,train,0
14688,train,0
2238,train,0
6007,train,0
3221,train,0
7561,train,0
13023,train,0
10351,train,0
10135,train,0
11576,train,0
13379,train,0
1341,train,0
17807,train,0
11851,train,0
18185,train,0
2329,train,0
1872,train,0
14238,train,0
8190,train,0
2048,train,0
6750,train,0
18174,train,0
11527,train,0
3507,train,0
14392,train,0
14095,train,0
6681,train,0
7180,train,0
17,train,0
8170,train,0
14963,train,0
12471,train,0
13343,train,0
3558,train,0
10857,train,0
35,train,0
18841,train,0
18113,train,0
17565,train,0
15090,train,0
8594,train,0
16830,train,0
18021,train,0
16300,train,0
18393,train,0
13883,train,0
15415,train,0
11957,train,0
2602,train,0
17624,train,0
11582,train,0
1463,train,0
16476,train,0
3675,train,0
6163,train,0
17059,train,0
2892,train,0
6944,train,0
3561,train,0
16061,train,0
2091,train,0
17177,train,0
18260,train,0
993,train,0
14594,train,0
17139,train,0
17310,train,0
5523,train,0
6905,train,0
14980,train,0
10119,train,0
11467,train,0
8515,train,0
2966,train,0
4621,train,0
10555,train,0
4655,train,0
3249,train,0
13377,train,0
4427,train,0
5224,train,0
8541,train,0
1673,train,0
12358,train,0
606,train,0
783,train,0
18468,train,0
951,train,0
6029,train,0
18135,train,0
9855,train,0
3307,train,0
7188,train,0
13872,train,0
6531,train,0
14523,train,0
6130,train,0
4152,train,0
17093,train,0
8353,train,0
18105,train,0
17629,train,0
7781,train,0
6347,train,0
4260,train,1
19123,train,0
1528,train,0
2673,train,0
2041,train,0
19538,train,0
11808,train,0
10241,train,0
14595,train,0
7386,train,0
18594,train,0
2814,train,0
17095,train,0
14340,train,0
10466,train,0
16011,train,0
11606,train,0
3229,train,0
13140,train,0
9063,train,0
10220,train,0
431,train,0
946,train,0
1525,train,0
18550,train,0
12897,train,0
2321,train,0
8589,train,0
5186,train,0
7421,train,0
9270,train,0
1053,train,0
853,train,0
15081,train,0
3263,train,0
3856,train,0
3852,train,0
11853,train,0
4745,train,0
6539,train,0
10104,train,0
19737,train,0
13068,train,0
4461,train,0
4987,train,0
6176,train,0
17753,train,0
6418,train,0
14278,train,0
19207,train,0
15606,train,0
6325,train,0
10008,train,0
6198,train,0
2818,train,0
15218,train,0
12338,train,0
11601,train,0
3181,train,0
8211,train,0
16624,train,0
13294,train,0
14727,train,0
10566,train,0
2889,train,0
13482,train,0
17002,train,0
10983,train,0
3127,train,0
14859,train,0
17337,train,0
8091,train,0
10836,train,0
10405,train,0
5634,train,0
16945,train,0
130,train,0
4808,train,0
16646,train,0
13277,train,0
16503,train,0
11244,train,0
14453,train,0
2699,train,0
5822,train,0
10608,train,0
3277,train,0
14367,train,0
13117,train,0
9598,train,0
11776,train,0
4111,train,0
10077,train,0
14823,train,0
16913,train,0
3313,train,0
10278,train,0
15920,train,0
14136,train,0
8078,train,0
2881,train,0
8246,train,0
410,train,0
1045,train,0
10749,train,0
11707,train,0
162,train,0
17653,train,0
17508,train,0
7453,train,0
4094,train,0
18694,train,0
15207,train,0
19331,train,0
16884,train,0
361,train,0
14255,train,0
645,train,0
7442,train,0
2375,train,0
7915,train,0
9073,train,0
67,train,0
16706,train,0
10455,train,0
15814,train,0
17532,train,0
19745,train,0
6183,train,0
11932,train,0
6472,train,0
11796,train,0
10160,train,0
9823,train,0
14874,train,0
1136,train,0
931,train,0
2932,train,0
512,train,0
12472,train,0
8775,train,0
16938,train,0
10814,train,0
19257,train,0
16194,train,0
15226,train,0
6251,train,0
4400,train,0
3904,train,0
841,train,0
5299,train,0
5616,train,0
8243,train,0
14404,train,0
14731,train,0
15754,train,0
9541,train,0
16209,train,0
7713,train,0
18912,train,0
6499,train,0
17289,train,0
722,train,0
11595,train,0
18554,train,0
12526,train,0
7173,train,0
12614,train,0
7759,train,0
11856,train,0
14539,train,0
2264,train,0
7424,train,0
7973,train,0
16964,train,0
15799,train,0
332,train,0
14154,train,0
11677,train,0
9313,train,0
12587,train,0
13419,train,0
19958,train,0
12927,train,0
4699,train,0
8627,train,0
15256,train,0
16626,train,0
1862,train,0
7578,train,0
3200,train,0
18377,train,0
18027,train,0
13991,train,0
2085,train,0
5388,train,0
5965,train,0
4246,train,0
16483,train,0
6644,train,0
14251,train,0
2634,train,0
5306,train,0
9939,train,0
9266,train,0
2267,train,0
6343,train,0
10004,train,0
9664,train,0
17150,train,0
10739,train,0
574,train,0
2223,train,0
19137,train,0
9794,train,0
18561,train,0
5484,train,0
6533,train,0
18336,train,0
3859,train,0
10132,train,0
13956,train,0
16227,train,0
5847,train,0
4892,train,0
3234,train,0
4792,train,0
227,train,0
3965,train,0
13488,train,0
1003,train,0
11768,train,0
8276,train,0
4224,train,0
10577,train,0
18649,train,0
14548,train,0
11399,train,0
15703,train,0
491,train,0
19518,train,0
2194,train,0
3793,train,0
17859,train,0
16709,train,0
11907,train,0
172,train,0
11603,train,0
4779,train,0
2317,train,0
7390,train,0
16344,train,0
3488,train,0
19787,train,0
2861,train,0
9745,train,0
6882,train,0
8681,train,0
8803,train,0
3982,train,0
5039,train,0
17141,train,0
15087,train,0
10674,train,0
9424,train,0
16148,train,0
3719,train,0
10940,train,0
19397,train,0
16452,train,0
12129,train,0
9401,train,0
18288,train,0
7003,train,1
8856,train,0
13674,train,0
11378,train,0
10745,train,0
15907,train,0
15557,train,0
15308,train,0
11758,train,0
11439,train,0
12491,train,0
16410,train,0
16947,train,0
6364,train,0
16576,train,0
6551,train,0
18745,train,0
19463,train,0
8615,train,0
18648,train,0
14998,train,0
3911,train,0
15545,train,0
18686,train,0
8116,train,0
18299,train,0
7633,train,0
8266,train,0
539,train,0
3741,train,0
5744,train,0
8313,train,0
13648,train,0
7540,train,0
2285,train,0
11383,train,0
19965,train,0
5975,train,0
2479,train,0
4367,train,0
10818,train,0
10068,train,0
15550,train,0
9057,train,0
10473,train,0
87,train,0
4122,train,0
1411,train,0
1907,train,0
5476,train,0
6138,train,0
19010,train,0
18577,train,0
6561,train,0
2514,train,0
3487,train,0
11897,train,0
3490,train,0
16765,train,0
14306,train,0
9907,train,0
6399,train,0
6428,train,0
18870,train,0
17117,train,0
10197,train,0
14146,train,0
16878,train,0
7219,train,0
3413,train,0
10898,train,0
5896,train,0
14050,train,0
433,train,0
2387,train,0
16322,train,0
5187,train,0
2940,train,0
2336,train,0
19775,train,0
9106,train,0
4842,train,0
5140,train,0
13414,train,0
15086,train,0
15648,train,0
14425,train,0
11510,train,0
14279,train,0
2128,train,0
7088,train,0
17395,train,0
10091,train,0
2629,train,0
17754,train,0
11852,train,0
6006,train,0
1466,train,0
11091,train,0
8755,train,0
4202,train,0
7039,train,0
14181,train,0
8804,train,0
14680,train,0
15117,train,0
2476,train,0
1120,train,0
5404,train,0
1572,train,0
11443,train,0
14190,train,0
16525,train,0
13862,train,0
15970,train,0
1968,train,0
1904,train,0
14330,train,0
10378,train,0
189,train,0
14234,train,0
17018,train,0
19447,train,0
11113,train,0
3843,train,0
10700,train,0
1875,train,0
15781,train,0
13387,train,0
6832,train,0
15031,train,0
17788,train,0
9862,train,0
15634,train,0
1994,train,0
8617,train,0
18840,train,0
5499,train,0
11983,train,0
2935,train,0
904,train,0
9382,train,0
10400,train,0
17828,train,0
8488,train,0
3815,train,0
17056,train,0
414,train,0
2905,train,0
1063,train,0
17933,train,0
19326,train,0
3629,train,0
6368,train,0
15499,train,0
8427,train,0
6571,train,0
17673,train,0
10668,train,0
99,train,0
15627,train,0
18271,train,0
3877,train,0
9294,train,0
8530,train,0
13906,train,0
2,train,1
19424,train,0
1856,train,0
18572,train,0
15334,train,0
3036,train,0
3354,train,0
7473,train,0
12199,train,0
3792,train,0
1021,train,0
5248,train,0
4495,train,0
7580,train,0
6228,train,0
8433,train,0
11451,train,0
1504,train,0
18176,train,0
15878,train,0
15633,train,0
17449,train,0
15582,train,0
11245,train,0
1602,train,0
13469,train,0
12548,train,0
17101,train,0
6380,train,0
13217,train,0
8375,train,0
14553,train,0
16543,train,0
5656,train,0
19374,train,0
8812,train,0
12025,train,0
5173,train,0
17316,train,0
2173,train,0
8459,train,0
7449,train,0
3652,train,0
4038,train,0
1581,train,0
5833,train,0
12241,train,0
3853,train,0
3236,train,0
16736,train,0
15647,train,0
13799,train,0
1054,train,0
16249,train,0
725,train,0
5772,train,0
5435,train,0
1967,train,0
19432,train,0
16243,train,0
9948,train,0
5845,train,0
10492,train,0
8896,train,0
1546,train,0
11642,train,0
15590,train,0
8900,train,0
8252,train,0
15292,train,0
5135,train,0
9818,train,0
12805,train,0
2539,train,0
16078,train,0
18243,train,0
19613,train,0
7538,train,0
7953,train,0
7319,train,0
1327,train,0
7220,train,0
14183,train,0
8160,train,0
8844,train,0
6062,train,0
14440,train,0
14534,train,0
6638,train,0
3294,train,0
14149,train,0
11183,train,0
16833,train,0
3807,train,0
17540,train,0
17611,train,0
14017,train,0
11971,train,0
17654,train,0
2037,train,0
12829,train,0
16885,train,0
10833,train,0
798,train,0
6143,train,0
15413,train,0
15283,train,0
12599,train,0
16450,train,0
19166,train,0
14670,train,0
14544,train,0
12110,train,0
3581,train,0
11240,train,0
8559,train,0
15560,train,0
8495,train,0
8925,train,0
19420,train,0
17381,train,0
2649,train,0
7502,train,0
2696,train,0
19390,train,0
17379,train,0
9146,train,0
18118,train,0
4307,train,0
918,train,0
9751,train,0
14172,train,0
18319,train,0
6302,train,0
6324,train,0
10571,train,0
16487,train,0
18279,train,0
621,train,0
2885,train,0
12763,train,0
13639,train,0
3645,train,0
10060,train,0
14281,train,0
7481,train,0
14162,train,0
4317,train,0
18051,train,0
10221,train,0
8938,train,0
17031,train,0
11445,train,0
12951,train,0
7478,train,0
4612,train,0
584,train,0
5821,train,0
19795,train,0
16247,train,0
7749,train,0
6456,train,0
12534,train,0
9489,train,0
14504,train,0
13815,train,0
14672,train,0
14248,train,0
10251,train,0
12487,train,0
16949,train,0
8456,train,0
12476,train,0
5725,train,0
10637,train,0
17657,train,0
7151,train,0
18788,train,0
7547,train,0
10063,train,0
18145,train,0
9252,train,0
6920,train,0
4619,train,0
14798,train,0
4502,train,0
2690,train,0
17479,train,0
9261,train,0
10110,train,0
10480,train,0
15543,train,0
5650,train,0
12659,train,0
5238,train,0
14205,train,0
19624,train,0
13644,train,0
19978,train,0
15311,train,0
12340,train,0
18793,train,0
3261,train,0
16168,train,0
8854,train,0
16595,train,0
3305,train,0
5548,train,0
15478,train,0
5142,train,0
811,train,0
7509,train,0
10114,train,0
9348,train,0
7888,train,0
4594,train,0
11951,train,0
10129,train,0
4886,train,0
5066,train,0
10530,train,0
2397,train,0
3936,train,0
14143,train,0
8830,train,0
12079,train,0
2829,train,0
10769,train,0
16675,train,0
16910,train,0
8619,train,0
16224,train,0
2184,train,0
146,train,0
913,train,0
19502,train,0
13895,train,0
4923,train,0
18579,train,0
19116,train,0
1294,train,0
2023,train,0
1806,train,0
19923,train,0
8853,train,0
2320,train,0
7869,train,0
7806,train,0
13917,train,0
17692,train,0
5636,train,0
19846,train,0
17017,train,0
17718,train,0
16873,train,0
5936,train,0
19706,train,0
8622,train,0
17075,train,0
17500,train,0
8689,train,0
10368,train,0
13843,train,0
8975,train,0
14890,train,0
10229,train,0
17809,train,0
4550,train,0
9339,train,0
11322,train,0
4138,train,0
7544,train,0
10493,train,0
14115,train,0
15240,train,0
14250,train,0
18641,train,0
17433,train,0
19282,train,0
5337,train,0
9637,train,0
10033,train,0
11561,train,0
8148,train,0
5696,train,0
14153,train,0
15495,train,0
6860,train,0
19034,train,0
1350,train,0
16889,train,0
17469,train,0
6635,train,0
17348,train,0
15936,train,0
6840,train,0
10982,train,0
10822,train,0
15855,train,0
15383,train,0
10626,train,0
10463,train,0
6356,train,0
494,train,0
16180,train,0
5158,train,0
1008,train,0
9253,train,0
17272,train,0
14394,train,0
3309,train,0
17599,train,0
19505,train,0
10999,train,0
7471,train,0
6582,train,0
10437,train,0
17401,train,0
2556,train,0
18578,train,0
2860,train,0
12840,train,0
19832,train,0
19578,train,0
7130,train,0
2132,train,0
2920,train,0
7232,train,0
4384,train,0
19556,train,0
17037,train,0
6098,train,0
17860,train,0
17605,train,0
14354,train,0
14815,train,0
14175,train,0
3838,train,0
18685,train,0
19204,train,0
6342,train,0
9527,train,0
9506,train,0
1451,train,0
12596,train,0
18932,train,0
6090,train,0
15941,train,0
4417,train,0
12437,train,0
14586,train,0
13974,train,0
4624,train,0
11865,train,0
19379,train,0
1425,train,0
12160,train,0
11210,train,0
12469,train,0
19783,train,0
6272,train,0
13015,train,0
10657,train,0
15440,train,0
4370,train,0
703,train,0
9215,train,0
7694,train,0
12673,train,0
13780,train,0
13301,train,0
5939,train,0
18919,train,0
7082,train,0
590,train,0
13966,train,0
5146,train,0
17313,train,0
14975,train,0
15315,train,0
4788,train,0
8572,train,0
14607,train,0
11953,train,0
2373,train,0
10059,train,0
8722,train,0
2295,train,0
1765,train,0
949,train,0
10717,train,0
5417,train,0
4552,train,0
11453,train,0
5915,train,0
13813,train,0
17020,train,0
2726,train,0
14009,train,0
10642,train,0
12429,train,0
12562,train,0
19806,train,0
7504,train,0
14134,train,0
15046,train,0
18269,train,0
15723,train,0
15987,train,0
5933,train,0
1789,train,0
10689,train,0
11005,train,0
18376,train,0
6295,train,0
1219,train,0
11681,train,0
18252,train,0
8046,train,0
6336,train,0
18080,train,0
1115,train,1
10869,train,0
16514,train,0
14372,train,0
10732,train,0
4347,train,0
19230,train,0
9460,train,0
6334,train,0
19678,train,0
11123,train,0
16175,train,0
18880,train,0
1548,train,0
14316,train,0
8404,train,0
1315,train,0
12210,train,0
12064,train,0
1993,train,0
19910,train,0
2233,train,0
13017,train,0
1200,train,0
6161,train,0
11651,train,0
15354,train,0
9006,train,0
18603,train,0
2609,train,0
6679,train,0
5563,train,0
4457,train,0
19045,train,0
16294,train,0
14427,train,0
10096,train,0
121,train,0
10828,train,0
7223,train,0
6421,train,0
1911,train,1
9169,train,0
9410,train,0
9349,train,0
11970,train,0
2591,train,0
8520,train,0
1465,train,0
7890,train,0
7347,train,0
13830,train,0
10265,train,0
19146,train,0
12049,train,0
9774,train,0
3566,train,0
15222,train,0
14262,train,0
15232,train,0
13938,train,0
1387,train,0
14117,train,0
14726,train,0
8945,train,0
6982,train,0
16023,train,0
13293,train,0
7228,train,0
8624,train,0
15138,train,0
13664,train,0
15481,train,0
15423,train,0
17592,train,0
870,train,0
1865,train,0
3840,train,0
906,train,0
15148,train,0
4616,train,0
666,train,0
6301,train,0
7971,train,0
5074,train,0
17300,train,0
15810,train,0
13056,train,0
3755,train,0
6254,train,0
10872,train,0
19360,train,0
441,train,0
12647,train,0
81,train,0
18161,train,0
15639,train,0
6157,train,0
9315,train,0
9586,train,0
2012,train,0
2923,train,0
13310,train,0
13345,train,0
6808,train,0
5223,train,0
14003,train,0
13221,train,0
11291,train,0
3650,train,0
7339,train,0
12708,train,0
3978,train,0
6971,train,0
11391,train,0
14889,train,0
836,train,0
8241,train,0
9456,train,0
3889,train,0
10832,train,0
12030,train,0
7875,train,0
9896,train,0
4316,train,0
19253,train,0
16216,train,0
14295,train,0
10363,train,0
294,train,0
8064,train,0
15378,train,0
9453,train,0
14601,train,0
10415,train,0
16146,train,0
19341,train,0
16502,train,0
14315,train,0
9298,train,0
7213,train,0
5118,train,0
7932,train,0
11263,train,0
7292,train,0
10289,train,0
12961,train,0
2388,train,0
3802,train,0
5289,train,0
10231,train,0
19521,train,0
809,train,0
4558,train,0
14911,train,0
8455,train,0
19423,train,0
19989,train,0
13077,train,0
8998,train,0
2087,train,0
1345,train,0
267,train,0
10401,train,0
232,train,0
2904,train,0
15937,train,0
8979,train,0
273,train,0
14568,train,0
2764,train,0
16095,train,0
19003,train,0
15521,train,0
9209,train,0
3811,train,0
9531,train,0
4547,train,0
15712,train,0
11160,train,0
3084,train,0
19901,train,0
11286,train,0
14322,train,0
6438,train,0
7611,train,0
2207,train,0
12552,train,0
1512,train,0
6756,train,0
16126,train,0
12549,train,0
8868,train,0
4493,train,0
12146,train,0
15837,train,0
12727,train,0
11179,train,0
18949,train,0
19916,train,0
7044,train,0
8898,train,0
13793,train,0
17436,train,0
12585,train,0
11142,train,0
10595,train,0
15323,train,0
7162,train,0
16071,train,0
1769,train,0
17644,train,0
13105,train,0
12900,train,0
10148,train,0
9212,train,0
2625,train,0
11392,train,0
14044,train,0
15157,train,0
11727,train,0
9963,train,0
15485,train,0
7846,train,0
593,train,0
10834,train,0
5990,train,0
8843,train,0
18535,train,0
10736,train,0
11919,train,0
8633,train,0
6597,train,0
6079,train,0
19906,train,0
10308,train,0
19929,train,0
2713,train,0
15791,train,0
1743,train,0
17228,train,0
12688,train,0
14888,train,0
2504,train,0
2490,train,0
16311,train,0
19406,train,0
1066,train,0
15409,train,0
6452,train,0
4383,train,0
1725,train,0
10993,train,0
9626,train,0
7728,train,0
15386,train,0
14956,train,0
18209,train,0
2022,train,0
4633,train,0
1083,train,0
8905,train,0
5796,train,0
17064,train,0
13425,train,0
4141,train,0
12376,train,0
12327,train,0
9229,train,0
19647,train,0
9914,train,0
13376,train,0
2385,train,0
17435,train,0
14329,train,0
861,train,0
3258,train,0
11395,train,0
19582,train,0
296,train,0
18163,train,0
8565,train,0
1773,train,0
6924,train,0
1445,train,0
13598,train,0
5325,train,0
11163,train,0
1565,train,0
3341,train,0
8782,train,0
3047,train,0
15267,train,0
102,train,0
3231,train,0
458,train,0
3605,train,0
16426,train,0
11407,train,0
5934,train,0
3502,train,0
312,train,0
7317,train,0
3271,train,1
2160,train,0
6489,train,0
17836,train,0
833,train,0
19638,train,0
2902,train,0
13523,train,0
4852,train,0
2752,train,0
12759,train,0
190,train,0
3784,train,0
10570,train,0
16367,train,0
585,train,0
10448,train,0
10913,train,0
14532,train,0
8150,train,0
7084,train,0
6712,train,0
4857,train,1
18600,train,0
19095,train,0
17622,train,0
13286,train,0
13577,train,0
163,train,0
9724,train,0
9736,train,0
19509,train,0
13614,train,0
652,train,0
14139,train,0
3542,train,0
17298,train,0
5621,train,0
9565,train,0
18142,train,0
8351,train,0
5263,train,0
4844,train,0
3689,train,0
9838,train,0
19746,train,0
15704,train,0
12001,train,0
6271,train,0
10551,train,0
4336,train,0
18190,train,0
11304,train,0
1106,train,0
4899,train,0
3579,train,0
6807,train,0
16823,train,0
4464,train,0
3165,train,0
9521,train,0
19001,train,0
1885,train,0
19133,train,0
10003,train,0
4764,train,0
16628,train,0
3937,train,0
4652,train,0
1570,train,0
5685,train,0
2879,train,0
18525,train,0
3722,train,0
7369,train,0
15465,train,0
18448,train,0
18858,train,0
17953,train,0
2767,train,0
4527,train,0
9839,train,0
12022,train,0
15537,train,0
5002,train,0
1820,train,0
16643,train,0
8476,train,0
9124,train,0
3861,train,0
2977,train,0
5243,train,0
3562,train,0
1094,train,0
1978,train,0
17277,train,0
16382,train,0
10812,train,0
360,train,0
9324,train,0
16412,train,0
13250,train,0
8516,train,0
10216,train,0
18413,train,0
8711,train,0
19336,train,0
18981,train,0
15868,train,0
11486,train,0
1194,train,0
17699,train,0
11422,train,0
3539,train,0
5229,train,0
12183,train,0
5949,train,0
14849,train,0
10348,train,0
7155,train,1
9234,train,0
10602,train,0
17868,train,0
17357,train,0
18950,train,0
2555,train,0
15100,train,0
291,train,0
11363,train,0
18295,train,0
2931,train,0
7592,train,0
17662,train,0
7858,train,0
1985,train,0
17738,train,0
12817,train,0
3096,train,0
13284,train,0
2852,train,0
7480,train,0
1530,train,0
6195,train,0
19588,train,0
7748,train,0
1333,train,0
14844,train,0
14101,train,0
9941,train,0
4774,train,0
15059,train,0
16806,train,0
8004,train,0
14577,train,0
13206,train,0
18462,train,0
13330,train,0
13963,train,0
19587,train,0
5318,train,0
11523,train,0
7356,train,0
11546,train,0
16811,train,0
15671,train,0
1078,train,0
2190,train,0
2436,train,0
16922,train,0
4114,train,0
1334,train,0
4602,train,0
15221,train,0
9915,train,0
9568,train,0
12699,train,0
12017,train,0
12757,train,0
14617,train,0
12606,train,0
2790,train,0
344,train,0
5490,train,0
11140,train,0
690,train,0
16750,train,0
6256,train,0
3731,train,0
3708,train,0
12765,train,0
18798,train,0
14681,train,0
15402,train,0
8851,train,0
15360,train,0
19284,train,0
284,train,0
12524,train,0
11066,train,0
2596,train,0
17091,train,0
7972,train,0
9840,train,0
3390,train,0
9431,train,0
5055,train,0
15277,train,0
3280,train,0
5606,train,0
10540,train,0
15510,train,0
16131,train,0
6773,train,0
16187,train,0
7096,train,0
9074,train,0
820,train,0
638,train,0
17062,train,0
19307,train,0
10535,train,0
7476,train,0
17954,train,0
17764,train,0
9709,train,0
16510,train,0
2836,train,0
16590,train,0
17129,train,0
13990,train,0
18784,train,0
15851,train,0
16548,train,0
16182,train,0
10421,train,0
19614,train,0
4991,train,0
10742,train,0
18979,train,0
7966,train,0
2422,train,0
7066,train,0
18607,train,0
8907,train,0
1637,train,0
9002,train,0
19493,train,0
18426,train,0
10426,train,0
5427,train,0
12244,train,0
16494,train,0
8016,train,0
12274,train,0
18396,train,0
13252,train,0
2859,train,0
3162,train,1
17368,train,0
2392,train,0
45,train,0
18958,train,0
2446,train,0
8396,train,0
12430,train,0
16894,train,0
6225,train,0
16141,train,0
16652,train,0
13072,train,0
18156,train,0
17050,train,0
11802,train,0
9843,train,0
14860,train,0
8626,train,0
19722,train,0
17464,train,0
5252,train,0
12607,train,0
18551,train,0
6406,train,0
7537,train,0
15488,train,0
1076,train,0
18075,train,0
83,train,0
13951,train,0
10932,train,0
19343,train,0
818,train,0
1783,train,0
4910,train,0
19699,train,0
10830,train,0
15948,train,0
6555,train,0
10290,train,0
10137,train,0
7856,train,0
665,train,0
5657,train,0
18859,train,0
11815,train,0
2331,train,0
8077,train,0
2359,train,0
2793,train,0
7177,train,0
4283,train,0
337,train,0
9629,train,0
17757,train,0
17689,train,0
7100,train,0
1805,train,0
9628,train,0
17419,train,0
4375,train,0
16829,train,0
12797,train,0
443,train,0
16290,train,0
14945,train,0
11496,train,0
10465,train,0
84,train,0
3733,train,0
18770,train,0
8913,train,0
13929,train,0
11111,train,0
972,train,0
18370,train,0
11804,train,0
2280,train,0
3674,train,0
17261,train,0
3432,train,0
15476,train,0
15773,train,0
19469,train,0
9142,train,0
6592,train,0
17866,train,0
16632,train,0
19747,train,0
19873,train,0
8525,train,0
781,train,0
9306,train,0
12345,train,0
14707,train,0
12448,train,0
14748,train,0
4128,train,0
14065,train,0
16377,train,0
18552,train,0
5507,train,0
253,train,0
14829,train,0
11656,train,0
16314,train,0
11460,train,0
7697,train,0
1173,train,0
2297,train,0
9722,train,0
9846,train,0
13540,train,0
576,train,0
16403,train,0
3870,train,0
10782,train,0
5361,train,0
6273,train,0
4737,train,0
16381,train,0
1074,train,0
2182,train,0
15727,train,0
6381,train,0
5729,train,0
17100,train,0
13559,train,0
54,train,0
14382,train,0
6800,train,0
1752,train,0
15436,train,0
667,train,0
5969,train,0
15276,train,0
15427,train,0
3901,train,0
16651,train,0
1224,train,0
4280,train,0
14704,train,0
17573,train,0
10955,train,0
4136,train,0
15600,train,0
13625,train,0
6889,train,0
9221,train,0
15113,train,0
13272,train,0
7988,train,0
3139,train,0
9869,train,0
11534,train,0
11242,train,0
9084,train,0
11396,train,0
12285,train,0
19427,train,0
9416,train,0
2402,train,0
12964,train,0
7260,train,0
5284,train,0
3268,train,0
19827,train,0
16461,train,0
6918,train,0
374,train,0
11733,train,0
15342,train,0
3120,train,0
2525,train,0
6922,train,0
11095,train,0
6186,train,0
7960,train,0
16757,train,0
2324,train,0
12556,train,0
18937,train,0
3226,train,0
4062,train,0
6296,train,0
16256,train,0
10296,train,0
3129,train,0
1814,train,0
7835,train,0
1211,train,0
18348,train,0
12974,train,0
41,train,0
17911,train,0
14289,train,0
10559,train,0
7323,train,0
18498,train,0
657,train,0
4773,train,0
17410,train,0
7597,train,0
11759,train,0
17130,train,0
7708,train,0
7495,train,0
4376,train,0
8730,train,0
216,train,0
12154,train,0
14028,train,0
11980,train,0
6370,train,0
5100,train,0
1131,train,0
7299,train,0
38,train,0
323,train,0
14661,train,0
19523,train,0
6357,train,0
5597,train,0
6292,train,0
18363,train,0
18160,train,0
19720,train,0
2211,train,0
15589,train,0
16210,train,0
19695,train,0
4627,train,0
15412,train,0
8235,train,0
16748,train,0
16434,train,0
12948,train,0
16767,train,0
18565,train,0
14360,train,0
17006,train,0
3434,train,0
6675,train,0
9876,train,0
18455,train,0
8902,train,0
456,train,0
19232,train,0
3649,train,0
9059,train,0
14410,train,0
15306,train,0
9592,train,0
3184,train,0
2265,train,0
8548,train,0
439,train,0
7433,train,0
7702,train,0
2009,train,0
16481,train,0
10579,train,0
8876,train,0
7719,train,0
7276,train,0
12573,train,0
14642,train,0
6876,train,0
11474,train,0
13657,train,0
18356,train,0
16933,train,0
5005,train,0
15835,train,0
16489,train,0
8471,train,0
7564,train,0
575,train,0
17871,train,0
2749,train,0
11761,train,0
11366,train,0
4196,train,0
13632,train,0
6527,train,0
3958,train,0
9682,train,0
10997,train,0
10259,train,0
16560,train,0
3617,train,0
5551,train,0
2900,train,0
18541,train,0
15583,train,0
15684,train,0
13690,train,0
11398,train,0
1360,train,0
7062,train,0
4287,train,0
3804,train,0
8300,train,0
1175,train,0
6020,train,0
6071,train,0
1989,train,0
18560,train,0
15158,train,0
17495,train,0
19340,train,0
736,train,0
6607,train,0
13659,train,0
4455,train,0
18571,train,0
15418,train,0
12589,train,0
3198,train,0
5530,train,0
1390,train,0
2807,train,0
6707,train,1
8507,train,0
13666,train,0
10610,train,0
5061,train,0
4942,train,0
19362,train,0
17166,train,0
5690,train,0
19444,train,0
7818,train,0
3445,train,0
19036,train,0
16692,train,0
7136,train,0
16558,train,0
19969,train,0
3044,train,0
12221,train,0
720,train,0
14287,train,0
446,train,0
13332,train,0
6695,train,0
8606,train,0
9984,train,0
11779,train,0
1474,train,0
2325,train,0
15291,train,0
13258,train,0
6722,train,0
1374,train,0
8356,train,0
9681,train,0
13380,train,0
8181,train,0
10225,train,0
9369,train,0
16596,train,0
10649,train,0
7499,train,0
533,train,0
8750,train,0
10916,train,0
3022,train,0
9480,train,0
1847,train,0
7958,train,0
257,train,0
397,train,0
3069,train,0
2753,train,0
12365,train,0
2899,train,0
16321,train,0
19874,train,0
4166,train,0
6826,train,0
17360,train,0
1146,train,0
10122,train,0
18483,train,0
13232,train,0
14760,train,0
19726,train,0
5448,train,0
4254,train,0
1500,train,0
14783,train,0
94,train,0
6637,train,0
18337,train,0
6731,train,0
5343,train,0
7978,train,0
6387,train,0
12756,train,0
10686,train,0
19324,train,0
16332,train,0
1913,train,0
5611,train,0
6774,train,0
18509,train,0
14753,train,0
12264,train,0
2302,train,1
4313,train,0
10073,train,0
7047,train,0
1265,train,0
6809,train,0
2102,train,0
2183,train,0
19279,train,0
2421,train,0
3931,train,0
7486,train,0
10671,train,0
9350,train,0
15943,train,0
1522,train,0
17305,train,0
19525,train,0
14958,train,0
2363,train,0
1010,train,0
10336,train,0
10825,train,0
12742,train,0
2103,train,0
13933,train,0
19772,train,0
14858,train,0
9994,train,0
10369,train,0
2027,train,0
12020,train,0
8828,train,0
5398,train,0
16164,train,0
13121,train,0
11777,train,0
1044,train,0
18614,train,0
3333,train,0
6299,train,0
8822,train,0
18440,train,0
19299,train,0
16837,train,0
17398,train,0
18400,train,0
9744,train,0
14010,train,0
12660,train,0
17152,train,0
16718,train,0
13236,train,0
14950,train,0
16373,train,0
2964,train,0
12855,train,0
17418,train,0
9673,train,0
11819,train,0
18570,train,0
11912,train,0
17949,train,0
17645,train,0
8817,train,0
14273,train,0
17945,train,0
12324,train,0
18562,train,0
9467,train,0
4742,train,0
2636,train,0
3625,train,0
18574,train,0
10228,train,0
11811,train,0
9574,train,0
16097,train,0
18198,train,0
19850,train,0
105,train,0
17815,train,0
14459,train,0
14064,train,0
12350,train,0
15274,train,0
14323,train,0
16608,train,0
4015,train,0
15089,train,0
16346,train,0
1199,train,0
3806,train,0
17290,train,0
17349,train,0
11002,train,0
5383,train,0
8879,train,0
12537,train,0
9186,train,0
1489,train,0
3599,train,0
4149,train,0
8999,train,0
8958,train,0
3050,train,0
5848,train,0
11964,train,0
10451,train,0
11570,train,0
11611,train,0
6976,train,0
18820,train,0
12686,train,0
2588,train,0
10331,train,0
10730,train,0
15234,train,0
1417,train,0
2600,train,0
4611,train,0
18398,train,0
18170,train,0
11848,train,0
5235,train,0
3195,train,0
8417,train,0
17755,train,0
289,train,0
12580,train,0
18995,train,0
15738,train,0
9659,train,0
15607,train,0
1704,train,0
17483,train,0
1742,train,0
12760,train,0
5397,train,0
10447,train,0
11515,train,0
10418,train,0
18557,train,0
18563,train,0
2950,train,0
13810,train,0
13148,train,0
15353,train,0
14180,train,0
12174,train,0
11812,train,0
6834,train,0
15245,train,0
15725,train,0
3938,train,0
9945,train,0
17627,train,0
17383,train,0
18165,train,0
18247,train,0
9797,train,0
14979,train,0
3887,train,0
3330,train,0
1930,train,0
9233,train,0
4353,train,0
16046,train,0
89,train,0
11994,train,0
12612,train,0
1179,train,0
15238,train,0
16167,train,0
8236,train,0
14510,train,0
16260,train,0
4165,train,0
16946,train,0
5412,train,0
2258,train,0
5291,train,0
5141,train,0
11222,train,0
6128,train,0
6410,train,0
15206,train,0
16362,train,0
856,train,0
9357,train,0
16376,train,0
9798,train,0
1127,train,0
11262,train,0
16721,train,0
600,train,0
8760,train,0
3448,train,0
11480,train,0
19219,train,0
17431,train,0
6752,train,0
13964,train,0
3880,train,0
8339,train,0
6966,train,0
6335,train,0
10321,train,0
10074,train,0
6902,train,0
6850,train,0
19517,train,0
5571,train,0
7999,train,0
17765,train,0
4047,train,0
3665,train,0
12666,train,0
2928,train,0
8146,train,0
12175,train,0
9190,train,0
12715,train,0
3821,train,0
7777,train,0
11062,train,0
599,train,0
154,train,0
14078,train,0
17437,train,0
15569,train,0
570,train,0
10317,train,0
7937,train,0
14758,train,0
16874,train,0
6802,train,0
11151,train,0
10053,train,0
1650,train,0
7191,train,0
14090,train,0
60,train,0
2635,train,0
5651,train,0
13689,train,0
15548,train,0
3743,train,0
8196,train,0
12899,train,0
18127,train,0
13886,train,0
3456,train,0
19908,train,0
6652,train,0
7150,train,0
12645,train,0
668,train,0
3560,train,0
1569,train,0
532,train,0
484,train,0
15601,train,0
13655,train,0
13770,train,0
4526,train,0
5279,train,0
6886,train,0
18284,train,0
17626,train,0
16959,train,0
281,train,0
18765,train,0
6579,train,0
19991,train,0
5952,train,0
1932,train,0
7691,train,0
10112,train,0
2910,train,0
71,train,0
658,train,0
891,train,0
1660,train,0
16162,train,0
6197,train,0
2056,train,0
12361,train,0
8494,train,0
16081,train,0
17562,train,0
11446,train,0
2856,train,0
19138,train,0
16731,train,0
5710,train,0
14841,train,0
13517,train,0
12839,train,0
6692,train,0
15392,train,0
15322,train,0
2784,train,0
13985,train,0
18619,train,0
15761,train,0
15651,train,0
13582,train,0
11675,train,0
11105,train,0
18291,train,0
10547,train,0
1984,train,0
1544,train,0
12821,train,0
4520,train,0
1990,train,0
14407,train,0
1523,train,0
19135,train,0
1306,train,0
9614,train,0
7912,train,0
15302,train,0
7721,train,0
384,train,0
12439,train,0
6109,train,0
17391,train,0
19381,train,0
1262,train,0
19334,train,0
14242,train,0
866,train,0
13911,train,0
1731,train,0
8847,train,0
13921,train,0
9932,train,0
14196,train,0
10193,train,0
7512,train,0
5786,train,0
1296,train,0
8623,train,0
8205,train,0
10227,train,0
765,train,0
17704,train,0
550,train,0
7456,train,0
404,train,0
9198,train,0
11373,train,0
13239,train,0
18519,train,0
219,train,0
17487,train,0
14921,train,0
270,train,0
6417,train,0
8155,train,0
4727,train,0
333,train,0
18124,train,0
12945,train,0
7579,train,0
5784,train,0
16771,train,0
14223,train,0
17733,train,0
4112,train,0
11693,train,0
13359,train,0
11636,train,0
7733,train,0
17434,train,0
9320,train,0
525,train,0
14636,train,0
6584,train,1
1959,train,0
341,train,0
9101,train,0
2533,train,0
14130,train,0
920,train,0
4211,train,0
14456,train,0
19750,train,0
295,train,0
2404,train,0
3922,train,0
19019,train,0
11927,train,0
4531,train,0
12088,train,0
16828,train,0
7852,train,0
5192,train,0
17925,train,0
7438,train,0
7174,train,0
19043,train,0
5695,train,0
10861,train,0
2811,train,0
9607,train,0
6326,train,0
18491,train,0
1562,train,0
18360,train,0
9206,train,0
3474,train,0
18371,train,0
2462,train,0
7315,train,0
442,train,0
15860,train,0
14796,train,0
9634,train,0
13237,train,0
6155,train,0
4862,train,0
6861,train,0
2189,train,0
6255,train,0
19730,train,0
12428,train,0
10498,train,0
12661,train,0
12094,train,0
16251,train,0
8216,train,0
2051,train,0
2607,train,0
5740,train,0
11492,train,0
8183,train,0
1416,train,0
816,train,0
11143,train,0
4915,train,0
18433,train,0
11022,train,0
12321,train,0
11827,train,0
976,train,0
7557,train,0
5863,train,0
3830,train,0
8225,train,0
8696,train,0
5970,train,0
4956,train,0
9690,train,0
12435,train,0
11295,train,0
15420,train,0
11641,train,0
11512,train,0
8377,train,0
7938,train,0
19889,train,0
7248,train,0
3423,train,0
2311,train,0
18989,train,0
8149,train,0
3884,train,0
4475,train,0
14449,train,0
626,train,0
13590,train,0
7482,train,0
12260,train,0
1928,train,0
13565,train,0
18325,train,0
16205,train,0
3193,train,0
7883,train,0
6552,train,0
320,train,0
9865,train,0
8924,train,0
17959,train,0
3765,train,0
12981,train,0
14572,train,0
10532,train,0
7448,train,0
2796,train,0
5424,train,0
2230,train,0
11511,train,0
14610,train,0
6847,train,0
937,train,0
13381,train,0
15029,train,0
5350,train,0
1801,train,0
373,train,0
7358,train,0
17174,train,0
10029,train,0
19378,train,0
5669,train,0
12262,train,0
3443,train,0
7986,train,0
4909,train,0
14358,train,0
5543,train,0
14147,train,0
14703,train,0
12152,train,0
9639,train,0
18501,train,0
2650,train,0
1579,train,0
18383,train,0
7108,train,0
14634,train,0
6120,train,0
12710,train,0
6376,train,0
21,train,0
19451,train,0
11333,train,0
6875,train,0
18104,train,0
4074,train,0
1104,train,0
5487,train,0
12433,train,0
15687,train,0
16012,train,0
15925,train,0
9232,train,0
10609,train,0
13845,train,0
15732,train,0
7876,train,0
3959,train,0
4429,train,0
9740,train,0
6193,train,0
17323,train,0
6804,train,0
1249,train,0
4060,train,0
13289,train,0
6669,train,0
3247,train,0
13225,train,0
7123,train,0
18058,train,0
5262,train,0
12383,train,0
17822,train,0
14936,train,0
5874,train,0
16545,train,0
17187,train,0
9297,train,0
8251,train,0
14266,train,0
4955,train,0
14779,train,0
11257,train,0
14057,train,0
18940,train,0
18495,train,0
15759,train,0
14045,train,0
19658,train,0
19764,train,0
13839,train,0
3549,train,0
16834,train,0
4871,train,0
7460,train,0
5834,train,0
9046,train,0
5555,train,0
8607,train,0
16043,train,0
1518,train,0
16056,train,0
14216,train,0
7807,train,0
14309,train,0
7902,train,0
3194,train,0
13513,train,0
19557,train,0
19008,train,0
19143,train,0
18718,train,0
5379,train,0
8890,train,0
4770,train,0
9213,train,0
3616,train,0
5909,train,0
16539,train,0
6269,train,0
8041,train,0
9602,train,0
8462,train,0
12745,train,0
5011,train,0
3900,train,0
9407,train,0
13781,train,0
2808,train,0
12953,train,0
2487,train,0
19267,train,0
14218,train,0
14212,train,0
16050,train,0
11688,train,0
11697,train,0
6257,train,0
4741,train,0
10567,train,0
2111,train,0
5203,train,0
18647,train,0
10667,train,0
8037,train,0
6526,train,0
13775,train,0
11729,train,0
2897,train,0
8912,train,0
12810,train,0
14864,train,0
15670,train,0
8165,train,0
13874,train,0
11253,train,0
18592,train,0
2906,train,0
3516,train,0
6458,train,0
17939,train,0
5590,train,0
8910,train,0
9943,train,0
16713,train,0
6985,train,0
9746,train,0
8846,train,0
10355,train,0
15309,train,0
7118,train,0
9741,train,0
18692,train,0
2181,train,0
4157,train,0
8524,train,0
261,train,0
13837,train,0
13101,train,0
15563,train,0
869,train,0
17593,train,0
6604,train,0
12996,train,0
8420,train,0
6188,train,0
12385,train,0
14702,train,0
1299,train,0
7030,train,1
9086,train,0
14905,train,0
7321,train,0
13943,train,0
13621,train,0
12486,train,0
19926,train,0
4488,train,0
12852,train,0
1169,train,0
16688,train,0
16593,train,0
15187,train,0
18720,train,0
17792,train,0
16868,train,0
5751,train,0
4117,train,0
4470,train,0
2137,train,0
15202,train,0
11042,train,0
1304,train,0
6500,train,0
18531,train,0
1881,train,0
633,train,0
5486,train,0
15018,train,0
8702,train,0
16330,train,0
11064,train,0
9194,train,0
2986,train,0
2275,train,0
17426,train,0
7783,train,0
5133,train,0
709,train,0
7041,train,0
2792,train,0
11592,train,0
9367,train,0
12150,train,0
10204,train,0
12949,train,0
6836,train,0
502,train,0
2741,train,0
4968,train,0
13353,train,0
4054,train,0
2510,train,0
10273,train,0
13572,train,0
2575,train,0
16997,train,0
2261,train,0
19585,train,0
7962,train,0
6696,train,0
13786,train,0
13408,train,0
1848,train,0
14294,train,0
1681,train,0
3142,train,0
1761,train,0
3188,train,0
19981,train,0
10190,train,0
11303,train,0
7503,train,0
7080,train,0
3546,train,0
17262,train,0
19020,train,0
897,train,0
16700,train,0
11673,train,0
8066,train,0
5001,train,0
17712,train,0
16309,train,0
12489,train,0
5293,train,0
5638,train,0
3058,train,0
2518,train,0
9835,train,0
19179,train,0
15163,train,0
8222,train,0
9719,train,0
10638,train,0
6543,train,0
11372,train,0
3503,train,0
5817,train,0
1840,train,0
4801,train,0
11580,train,0
5864,train,0
8652,train,0
12956,train,0
13333,train,0
1992,train,0
11751,train,0
2866,train,0
7247,train,0
3783,train,0
9672,train,0
8928,train,0
6333,train,0
12577,train,0
2155,train,0
4912,train,0
1785,train,0
7415,train,0
18032,train,0
4545,train,0
18524,train,0
9633,train,0
15196,train,0
86,train,0
14447,train,0
15579,train,0
13108,train,0
14701,train,0
15547,train,0
18838,train,0
10606,train,0
9511,train,0
15585,train,0
10923,train,0
15131,train,0
13432,train,0
6067,train,0
13827,train,0
18149,train,0
19065,train,0
7275,train,0
7598,train,0
5080,train,0
7802,train,0
18635,train,0
17164,train,0
15972,train,0
6346,train,0
11691,train,0
14656,train,0
924,train,0
16432,train,0
13692,train,0
8889,train,0
10472,train,0
16591,train,0
18340,train,0
10411,train,0
16506,train,0
14992,train,0
3661,train,0
14542,train,0
13151,train,0
5287,train,0
12277,train,0
6613,train,0
13416,train,0
36,train,0
12456,train,0
1077,train,0
15191,train,0
17279,train,0
2192,train,0
8792,train,0
16939,train,0
11339,train,0
3967,train,0
14871,train,0
6362,train,0
11345,train,0
3310,train,0
1793,train,0
15166,train,0
13920,train,0
7063,train,0
10454,train,0
19205,train,0
15566,train,0
9505,train,0
11454,train,0
9399,train,0
6252,train,0
10153,train,0
12877,train,0
6972,train,0
15889,train,0
12111,train,0
1606,train,0
14230,train,0
2365,train,0
13955,train,0
1828,train,0
13623,train,0
19609,train,0
390,train,0
8616,train,0
14836,train,0
7968,train,0
19736,train,0
19054,train,0
11191,train,0
14395,train,0
11714,train,0
6883,train,0
13510,train,0
8487,train,0
19863,train,0
3949,train,0
4256,train,0
11803,train,0
19616,train,0
1419,train,0
4603,train,0
13434,train,0
10693,train,0
1032,train,0
428,train,0
6776,train,0
6648,train,0
17491,train,0
2835,train,0
3905,train,0
16981,train,0
19214,train,0
2143,train,0
4435,train,0
12441,train,0
2769,train,0
19096,train,0
1786,train,0
16536,train,0
422,train,0
13191,train,0
19684,train,0
2419,train,0
2150,train,0
14308,train,0
10105,train,0
12886,train,0
17893,train,0
6528,train,0
2106,train,0
10937,train,0
3761,train,0
12694,train,0
13853,train,0
207,train,0
15993,train,0
423,train,0
11702,train,0
12842,train,0
2598,train,0
16842,train,0
3336,train,0
11099,train,0
5556,train,0
3392,train,0
9595,train,0
10253,train,0
2018,train,0
2849,train,0
19761,train,0
905,train,0
6564,train,0
12143,train,0
8882,train,0
16231,train,0
3033,train,0
13787,train,0
16123,train,0
3996,train,0
1035,train,0
19349,train,0
16852,train,0
15370,train,0
16053,train,0
19705,train,0
1348,train,0
17088,train,0
3308,train,0
15982,train,0
8107,train,0
1716,train,0
1741,train,0
17577,train,0
3592,train,0
16759,train,0
8387,train,0
3797,train,0
19895,train,0
2831,train,0
571,train,0
12382,train,0
876,train,0
9825,train,0
14187,train,0
17941,train,0
8558,train,0
7040,train,0
16278,train,0
6398,train,0
12144,train,0
2917,train,0
3550,train,0
831,train,0
986,train,0
16544,train,0
5520,train,0
19754,train,0
14830,train,0
12626,train,0
12998,train,0
2714,train,0
14365,train,0
1556,train,0
16897,train,0
4380,train,0
4958,train,0
6690,train,0
8805,train,0
9768,train,0
110,train,0
7170,train,0
19329,train,0
7676,train,0
6783,train,0
19990,train,0
19591,train,0
28,train,0
17527,train,0
6162,train,0
782,train,0
14244,train,0
6689,train,0
11995,train,0
16971,train,0
8110,train,0
6039,train,0
17359,train,0
4302,train,0
3862,train,0
737,train,0
10123,train,0
7132,train,0
9353,train,0
4804,train,0
15085,train,0
193,train,0
13980,train,0
13766,train,0
11578,train,0
9901,train,0
13003,train,0
16893,train,0
19380,train,0
10199,train,0
925,train,0
17291,train,0
16270,train,0
559,train,0
12581,train,0
3040,train,0
12725,train,0
17679,train,0
18036,train,0
848,train,0
6999,train,0
17905,train,0
18957,train,0
10770,train,0
10067,train,0
1459,train,0
13869,train,0
2361,train,0
18691,train,0
4703,train,0
3921,train,0
661,train,0
6275,train,0
10889,train,0
14261,train,0
11004,train,0
17080,train,0
7985,train,0
12911,train,0
8442,train,0
6878,train,0
7680,train,0
210,train,0
14934,train,0
19598,train,0
2761,train,0
7381,train,0
5441,train,0
4901,train,0
11569,train,0
19066,train,0
14853,train,0
4680,train,0
17270,train,0
14475,train,0
6952,train,0
3555,train,0
19032,train,0
13982,train,0
1976,train,0
12220,train,0
150,train,0
10397,train,0
1085,train,0
11755,train,0
10108,train,0
1897,train,0
5610,train,0
16851,train,0
8644,train,0
17510,train,0
1088,train,0
5988,train,0
18430,train,0
16291,train,0
1187,train,0
8309,train,0
2878,train,0
11108,train,0
5315,train,0
17388,train,0
8797,train,0
3298,train,0
448,train,0
15125,train,0
12461,train,0
17480,train,0
11898,train,0
13002,train,0
10604,train,0
16163,train,0
12415,train,0
939,train,0
19414,train,0
14125,train,0
2519,train,0
11676,train,0
1751,train,0
7023,train,0
9476,train,0
4705,train,0
7812,train,0
7243,train,0
11358,train,0
7467,train,0
8646,train,0
8863,train,0
13306,train,0
12,train,0
13021,train,0
19820,train,0
13061,train,0
12185,train,0
629,train,0
5588,train,0
15815,train,0
10039,train,0
4685,train,0
17930,train,0
11875,train,0
800,train,0
2406,train,0
14066,train,0
10647,train,0
8304,train,0
6457,train,0
13969,train,0
19275,train,0
8723,train,0
10422,train,0
14265,train,0
3522,train,0
16666,train,0
6506,train,0
19833,train,0
14517,train,0
832,train,0
3340,train,0
16275,train,0
3635,train,0
9199,train,0
8553,train,0
19594,train,0
8318,train,0
6203,train,0
15662,train,0
8934,train,0
8099,train,0
19140,train,0
17531,train,0
14850,train,0
14592,train,0
19885,train,0
3752,train,0
3646,train,0
13551,train,0
4673,train,0
989,train,0
5981,train,0
10106,train,0
7305,train,0
14247,train,0
16605,train,0
18811,train,0
4422,train,0
8174,train,0
8649,train,0
13620,train,0
1566,train,0
5900,train,0
3885,train,0
4213,train,0
6949,train,0
16752,train,0
13104,train,0
9500,train,0
19057,train,0
1392,train,0
18251,train,0
6794,train,0
3525,train,0
17241,train,0
6372,train,0
1142,train,0
9360,train,0
13012,train,0
1248,train,0
9679,train,0
2911,train,0
2167,train,0
14666,train,0
19077,train,0
407,train,0
1551,train,0
2737,train,0
547,train,0
7514,train,0
7740,train,0
450,train,0
14697,train,0
329,train,0
14906,train,0
14069,train,0
16169,train,0
4530,train,0
8544,train,0
10920,train,0
19201,train,0
620,train,0
7801,train,0
11362,train,0
17520,train,0
12276,train,0
7045,train,0
3419,train,0
14051,train,0
13042,train,0
702,train,0
9678,train,0
13804,train,0
4772,train,0
4085,train,0
16887,train,0
813,train,0
12566,train,0
1535,train,0
5906,train,0
14513,train,0
17287,train,0
17108,train,0
12775,train,0
17652,train,0
17684,train,0
7192,train,0
10477,train,0
17543,train,0
13890,train,0
5538,train,0
11259,train,0
8301,train,0
15032,train,0
4747,train,0
10471,train,0
7943,train,0
4286,train,0
10210,train,0
1,train,0
17203,train,0
62,train,0
12362,train,0
3394,train,0
19900,train,0
4926,train,0
2563,train,0
18609,train,0
13749,train,0
10763,train,0
19680,train,0
14016,train,0
12053,train,0
4341,train,0
6088,train,0
12843,train,0
12115,train,0
1069,train,0
5941,train,0
5581,train,0
19006,train,0
18633,train,0
9343,train,0
16041,train,0
3851,train,0
15457,train,0
3766,train,0
16418,train,0
19,train,0
1833,train,0
19025,train,0
12063,train,0
18595,train,0
4841,train,0
15724,train,0
1462,train,0
18107,train,0
11340,train,0
6823,train,0
14640,train,0
12090,train,0
18903,train,0
5019,train,0
12395,train,0
11579,train,0
12330,train,0
11560,train,0
18659,train,0
2147,train,0
17550,train,0
862,train,0
11146,train,0
13497,train,0
19377,train,0
10139,train,0
928,train,0
18244,train,0
16223,train,0
8169,train,0
8480,train,0
9547,train,0
7770,train,0
2177,train,0
5968,train,0
1170,train,0
1560,train,0
10703,train,0
3727,train,0
1287,train,0
8033,train,0
19708,train,0
11489,train,0
15580,train,0
3264,train,0
16921,train,0
17993,train,0
3844,train,0
12194,train,0
11945,train,0
8163,train,0
10018,train,0
8325,train,0
7056,train,0
4252,train,0
17484,train,0
3441,train,0
15434,train,0
8771,train,0
11917,train,0
6523,train,0
13512,train,0
12117,train,0
16233,train,0
12104,train,0
3894,train,0
2466,train,0
15932,train,0
16821,train,0
11085,train,0
17693,train,0
19627,train,0
8929,train,0
9439,train,0
18876,train,0
7187,train,0
11389,train,0
15840,train,0
7281,train,0
14645,train,0
17490,train,0
9372,train,0
9957,train,0
18628,train,0
16505,train,0
11972,train,0
11487,train,0
4430,train,0
12546,train,0
2952,train,0
12806,train,0
6763,train,0
6283,train,0
2025,train,0
10552,train,0
1604,train,0
10844,train,0
18882,train,0
18457,train,0
6606,train,0
9540,train,0
16189,train,0
12636,train,0
4551,train,0
8499,train,0
10218,train,1
3140,train,0
17771,train,0
7394,train,0
1999,train,0
7831,train,0
4799,train,0
19738,train,0
117,train,0
19338,train,0
807,train,0
2750,train,0
2529,train,0
8014,train,0
11573,train,0
12454,train,0
16066,train,0
9016,train,0
14127,train,0
12726,train,0
12170,train,0
7629,train,0
9165,train,0
16572,train,0
17022,train,0
1475,train,0
15236,train,0
15301,train,0
5044,train,0
9180,train,0
4035,train,0
1079,train,0
13427,train,0
18235,train,0
18214,train,0
11525,train,0
4753,train,0
10969,train,0
12245,train,0
12189,train,0
18257,train,0
1653,train,0
1543,train,0
3464,train,0
3135,train,0
7734,train,0
7913,train,0
4951,train,0
7758,train,0
17475,train,0
15787,train,0
5541,train,0
8508,train,0
2444,train,0
4845,train,0
2145,train,0
13521,train,0
15715,train,0
15636,train,0
3504,train,0
15915,train,0
4925,train,0
2574,train,0
2330,train,0
18229,train,0
8936,train,0
14811,train,0
4143,train,0
18991,train,0
11209,train,0
19813,train,0
8597,train,0
16174,train,0
16003,train,0
8682,train,0
5946,train,0
14345,train,0
5527,train,0
6461,train,0
7551,train,0
11144,train,0
581,train,0
13858,train,0
10538,train,0
3243,train,0
18368,train,0
13518,train,0
9764,train,0
11381,train,0
9438,train,0
2975,train,0
367,train,0
10622,train,0
18280,train,0
1730,train,0
2873,train,0
5877,train,0
10756,train,0
4776,train,1
10333,train,0
5311,train,0
9863,train,0
10510,train,0
18267,train,0
1155,train,0
8141,train,0
9096,train,0
239,train,0
3132,train,0
10929,train,0
3860,train,0
1430,train,0
13978,train,0
5985,train,0
15886,train,0
6558,train,0
16928,train,0
3000,train,0
5324,train,0
16978,train,0
4030,train,0
16115,train,0
13312,train,0
10023,train,0
15203,train,0
11473,train,0
8280,train,0
6253,train,0
16920,train,0
18334,train,0
15792,train,0
11223,train,0
4943,train,0
2284,train,0
13740,train,0
7058,train,0
3379,train,0
11762,train,0
16725,train,0
2710,train,0
9454,train,0
17938,train,0
731,train,0
17588,train,0
19879,train,0
5770,train,0
17415,train,0
3420,train,0
18656,train,0
454,train,0
10654,train,0
10904,train,0
16436,train,0
2801,train,0
19618,train,0
8528,train,0
14237,train,0
2432,train,0
2614,train,0
17029,train,0
4392,train,0
10198,train,0
8403,train,0
10692,train,0
4331,train,0
8111,train,0
18573,train,0
2921,train,0
3543,train,0
5009,train,0
912,train,0
5356,train,0
12106,train,0
4144,train,0
18738,train,0
13318,train,0
19856,train,0
1479,train,0
1873,train,0
10712,train,0
12625,train,0
10156,train,0
175,train,0
17207,train,0
7724,train,0
5542,train,0
9472,train,0
13520,train,0
1087,train,0
13820,train,0
17803,train,0
14692,train,0
12080,train,0
6151,train,0
11175,train,0
16305,train,0
3532,train,0
1851,train,0
1279,train,0
2826,train,0
8823,train,0
5054,train,0
12640,train,0
17857,train,0
3778,train,0
3175,train,0
8203,train,0
19147,train,0
19081,train,0
12364,train,0
13546,train,0
11617,train,0
13243,train,0
4872,train,0
2583,train,0
9524,train,0
17633,train,0
4947,train,0
2257,train,0
13404,train,0
14910,train,0
9204,train,0
17432,train,0
684,train,0
7784,train,0
909,train,0
13915,train,0
4267,train,0
18056,train,0
6974,train,0
72,train,0
11941,train,0
3416,train,0
4821,train,0
19305,train,0
11500,train,0
4882,train,0
14324,train,0
16818,train,0
10859,train,0
1339,train,0
6093,train,0
945,train,0
6509,train,0
19840,train,0
11080,train,0
9326,train,0
16401,train,0
8858,train,0
1577,train,0
7441,train,0
11164,train,0
17161,train,0
11457,train,0
15896,train,0
8864,train,0
6782,train,0
8580,train,0
2895,train,0
15171,train,0
6129,train,0
14554,train,0
3116,train,0
1473,train,0
15631,train,0
15567,train,0
17199,train,0
2119,train,0
15093,train,0
7159,train,0
11423,train,0
12209,train,0
9176,train,0
8621,train,0
3828,train,0
9793,train,0
549,train,0
1342,train,0
19061,train,0
1771,train,0
9090,train,0
16457,train,0
11218,train,0
5495,train,0
9187,train,0
4525,train,0
18785,train,0
11988,train,0
16144,train,0
1006,train,0
17869,train,0
17189,train,0
2611,train,0
4296,train,0
4879,train,0
9908,train,0
17147,train,0
4237,train,0
13868,train,0
14486,train,0
3669,train,0
3888,train,0
17590,train,0
10117,train,0
18208,train,0
6383,train,0
3609,train,0
19522,train,0
8352,train,0
10908,train,0
13050,train,0
9018,train,0
14076,train,0
17332,train,0
19551,train,0
8861,train,0
13112,train,0
13476,train,0
1996,train,0
753,train,0
2762,train,0
13694,train,0
9698,train,0
6165,train,0
1228,train,0
18537,train,0
718,train,0
4273,train,0
14167,train,0
11237,train,0
10155,train,0
6801,train,0
6233,train,0
1714,train,0
4058,train,0
7773,train,0
16985,train,0
14077,train,0
14736,train,0
9043,train,0
921,train,0
7352,train,0
16647,train,0
14742,train,0
6367,train,0
14733,train,0
10827,train,0
1428,train,0
17817,train,0
6075,train,0
4397,train,0
14500,train,0
768,train,0
2474,train,0
8416,train,0
15776,train,0
6760,train,0
8253,train,0
10459,train,0
1630,train,0
7324,train,0
7154,train,1
8641,train,0
2380,train,0
7621,train,0
7239,train,0
14969,train,0
13298,train,0
11725,train,0
5622,train,0
19259,train,0
17470,train,0
9185,train,0
12985,train,0
432,train,0
15103,train,0
18722,train,0
18514,train,0
17677,train,0
479,train,0
18039,train,0
4300,train,0
1206,train,0
5120,train,0
16650,train,0
11030,train,0
18421,train,0
19742,train,0
7797,train,0
3455,train,0
12650,train,0
6432,train,0
10967,train,0
11134,train,0
4825,train,0
19872,train,0
13337,train,0
3740,train,0
19815,train,0
108,train,0
19511,train,0
14342,train,0
2722,train,0
9570,train,0
10295,train,0
10831,train,0
7207,train,0
8632,train,0
16348,train,0
3653,train,0
11172,train,0
3622,train,0
10084,train,0
16347,train,0
19883,train,0
2705,train,0
4045,train,0
5753,train,0
12657,train,0
6389,train,0
18270,train,0
4497,train,0
3929,train,0
8172,train,0
12921,train,0
12352,train,0
14678,train,0
19966,train,0
11909,train,0
1596,train,0
19514,train,0
16571,train,0
4511,train,0
1795,train,0
218,train,0
9115,train,0
13807,train,0
492,train,0
14121,train,0
19216,train,0
7791,train,0
1652,train,0
16241,train,0
15604,train,0
11868,train,0
7623,train,0
12619,train,0
1414,train,0
6431,train,0
3471,train,0
19536,train,0
14200,train,0
8049,train,0
4579,train,0
8809,train,0
17078,train,0
16883,train,0
9530,train,0
16020,train,0
7803,train,0
3725,train,0
17726,train,0
14954,train,0
6264,train,0
8825,train,0
4092,train,0
15771,train,0
16103,train,0
887,train,0
18544,train,0
19590,train,0
4523,train,0
17882,train,0
3324,train,0
4411,train,0
2109,train,0
4398,train,0
13957,train,0
13661,train,0
7631,train,0
2133,train,0
4653,train,0
3109,train,0
8346,train,0
7336,train,0
16313,train,0
6048,train,0
2488,train,0
5601,train,0
7787,train,0
17744,train,0
6968,train,0
7987,train,0
14000,train,0
6890,train,0
14384,train,0
9109,train,0
16881,train,0
16238,train,0
2864,train,0
19650,train,0
15701,train,0
13423,train,0
992,train,0
7925,train,0
2980,train,0
1619,train,0
275,train,0
18805,train,0
3426,train,0
9796,train,0
400,train,0
3702,train,0
10651,train,0
19398,train,0
16468,train,0
18419,train,0
5693,train,0
15893,train,0
18848,train,0
13587,train,0
17651,train,0
6806,train,0
10506,train,0
13642,train,0
15065,train,0
5661,train,0
771,train,0
3306,train,0
3824,train,0
4623,train,0
3286,train,0
3684,train,1
12300,train,0
16193,train,0
1383,train,0
9056,train,0
19899,train,0
3076,train,0
2245,train,0
6413,train,0
268,train,0
17769,train,0
13211,train,0
4786,train,0
9644,train,0
8166,train,0
17010,train,0
12774,train,0
5101,train,0
13324,train,0
14522,train,0
19098,train,0
15351,train,0
2381,train,0
12513,train,0
18131,train,0
15809,train,0
19985,train,0
2452,train,0
16512,train,0
7549,train,0
15048,train,0
2568,train,0
15331,train,0
382,train,0
10318,train,0
13326,train,0
2763,train,0
11587,train,0
12798,train,0
13335,train,0
8514,train,0
10683,train,0
13898,train,0
8506,train,0
262,train,0
8085,train,0
19033,train,0
2080,train,0
9860,train,0
5338,train,0
2564,train,0
33,train,0
14109,train,0
6395,train,0
17162,train,0
9593,train,0
11745,train,0
303,train,0
4572,train,0
1117,train,0
17682,train,0
588,train,0
4179,train,0
10504,train,0
2862,train,0
17709,train,0
8746,train,0
4243,train,0
4806,train,0
10542,train,0
16136,train,0
13562,train,0
12741,train,0
14501,train,0
11835,train,0
8370,train,0
12240,train,0
515,train,0
16098,train,0
11816,train,0
19593,train,0
19634,train,0
5371,train,0
7711,train,0
4591,train,0
13356,train,0
5870,train,0
4596,train,0
1258,train,0
13547,train,0
6173,train,0
2004,train,0
12453,train,0
5099,train,0
2901,train,0
10384,train,0
8244,train,0
1363,train,0
18179,train,0
13439,train,0
8768,train,0
8233,train,0
2015,train,0
9657,train,0
14520,train,0
11420,train,0
6866,train,0
10807,train,0
6010,train,0
5466,train,1
3933,train,0
18480,train,0
5068,train,0
7344,train,0
11305,train,0
14253,train,0
7667,train,0
16230,train,0
1988,train,0
14434,train,0
13671,train,0
16469,train,0
11790,train,0
10179,train,0
12500,train,0
16365,train,0
16465,train,0
2995,train,0
15114,train,0
9089,train,0
8651,train,0
2800,train,0
6119,train,0
9815,train,0
6223,train,0
10213,train,0
13759,train,0
16491,train,0
8393,train,0
18871,train,0
10414,train,0
10917,train,0
3027,train,0
18312,train,0
1449,train,0
13418,train,0
13233,train,0
11054,train,0
11376,train,0
12463,train,0
18050,train,0
18401,train,0
19865,train,0
4091,train,0
5138,train,0
19389,train,0
17227,train,0
18942,train,0
6463,train,0
15698,train,0
8019,train,0
12177,train,0
11911,train,0
10837,train,0
2786,train,0
9201,train,0
9572,train,0
11915,train,0
4843,train,0
6745,train,0
2158,train,0
15705,train,0
18213,train,0
18435,train,0
12904,train,0
14797,train,0
6566,train,0
4364,train,0
17249,train,0
14052,train,0
11701,train,0
18266,train,0
16319,train,0
874,train,0
726,train,0
19117,train,0
16379,train,0
16546,train,0
3798,train,0
5043,train,0
17571,train,0
14240,train,0
2035,train,0
10698,train,0
18931,train,0
402,train,0
14597,train,0
9950,train,0
13099,train,0
11195,train,0
8284,train,0
6146,train,0
19798,train,0
8542,train,0
19316,train,0
6779,train,0
6955,train,0
1780,train,0
1991,train,0
19457,train,0
2193,train,0
5491,train,0
4089,train,0
8092,train,0
2391,train,0
11822,train,0
7602,train,0
16831,train,0
14725,train,0
3179,train,0
1590,train,0
8855,train,0
5478,train,0
5050,train,0
6549,train,0
9352,train,0
12769,train,0
6400,train,0
19967,train,0
10282,train,0
14202,train,0
7660,train,0
1292,train,0
19811,train,0
15181,train,0
8223,train,0
18322,train,0
17649,train,0
10349,train,0
6873,train,0
11441,train,0
1501,train,0
12564,train,0
11040,train,0
14352,train,0
10490,train,0
17345,train,0
5492,train,0
3054,train,0
6546,train,0
18285,train,0
3169,train,0
13630,train,0
3849,train,0
5510,train,0
13840,train,0
7398,train,0
5428,train,0
14720,train,0
15401,train,0
4662,train,0
15164,train,0
7245,train,0
14428,train,0
4222,train,0
5501,train,0
4216,train,0
3582,train,0
3303,train,0
7262,train,0
6649,train,0
8674,train,0
143,train,0
16627,train,0
17913,train,0
6643,train,0
1842,train,0
15266,train,0
15733,train,0
17642,train,0
5794,train,0
15645,train,0
13568,train,0
12616,train,0
6315,train,0
4433,train,0
8645,train,0
10806,train,0
9986,train,0
2176,train,0
8947,train,0
15523,train,0
15892,train,0
10191,train,0
4209,train,0
2804,train,0
5016,train,0
14445,train,0
4337,train,0
9959,train,0
19489,train,0
2967,train,0
9871,train,0
5750,train,0
18326,train,0
8043,train,0
4738,train,0
7405,train,0
103,train,0
1950,train,0
2562,train,0
8055,train,0
4500,train,0
973,train,0
12542,train,0
2543,train,0
2148,train,0
14164,train,0
13797,train,0
9173,train,0
2065,train,0
653,train,0
9859,train,0
18259,train,0
15667,train,0
9801,train,0
13146,train,0
9197,train,0
2218,train,0
15007,train,0
14882,train,0
3895,train,0
16254,train,0
2535,train,0
9052,train,0
13062,train,0
1453,train,0
6732,train,0
393,train,0
7487,train,0
8198,train,0
17553,train,0
2435,train,0
12530,train,0
9526,train,0
1415,train,0
4533,train,0
11230,train,0
19834,train,0
11710,train,0
14880,train,0
15980,train,0
13219,train,0
9579,train,0
542,train,0
9757,train,0
7028,train,0
5270,train,0
14507,train,0
2358,train,0
8588,train,0
3902,train,0
11889,train,0
18061,train,0
601,train,0
3762,train,0
13143,train,0
11331,train,0
9389,train,0
1101,train,0
9045,train,0
13207,train,0
16422,train,0
14960,train,0
1464,train,0
5182,train,0
14614,train,0
7157,train,0
4001,train,0
10373,train,0
15268,train,0
12739,train,0
17493,train,0
6294,train,0
19112,train,0
18783,train,0
3482,train,0
10977,train,0
5143,train,0
11888,train,0
7830,train,0
11535,train,0
7297,train,0
10725,train,0
1966,train,0
19559,train,0
14284,train,0
12451,train,0
9396,train,0
7316,train,0
13747,train,0
6191,train,0
131,train,0
7658,train,0
5715,train,0
13405,train,0
16331,train,0
19261,train,0
14120,train,0
2163,train,0
18053,train,0
3537,train,0
5995,train,1
18082,train,0
12732,train,0
5529,train,0
10270,train,0
13092,train,0
9443,train,0
12466,train,0
10914,train,0
9408,train,0
5332,train,0
9609,train,0
7844,train,0
9331,train,0
17444,train,0
8704,train,0
6111,train,0
19353,train,0
12654,train,0
12575,train,0
17054,train,0
911,train,0
17097,train,0
5984,train,0
2922,train,0
17219,train,0
15141,train,0
17014,train,0
19011,train,0
11076,train,0
10442,train,0
15003,train,0
9422,train,0
1261,train,0
8605,train,0
18623,train,0
18249,train,0
9518,train,0
7330,train,0
4750,train,0
5701,train,0
7068,train,0
11572,train,0
2538,train,0
932,train,0
857,train,0
6868,train,0
7138,train,0
16602,train,0
14547,train,0
4140,train,0
18443,train,0
8178,train,0
5653,train,0
11549,train,0
9739,train,0
14875,train,0
16431,train,0
13586,train,0
3146,train,0
10587,train,0
9561,train,0
1782,train,0
692,train,0
16775,train,0
13833,train,0
6749,train,0
2631,train,0
2665,train,0
4358,train,0
17942,train,0
4812,train,0
16441,train,0
9327,train,0
5844,train,0
19384,train,0
8449,train,0
19277,train,0
16824,train,0
708,train,0
11806,train,0
1424,train,0
12792,train,0
19982,train,0
13126,train,0
6772,train,0
17570,train,0
6748,train,0
18638,train,0
3948,train,0
16653,train,0
5937,train,0
16068,train,0
9647,train,0
16676,train,0
6743,train,0
10146,train,0
627,train,0
16399,train,0
17045,train,0
2916,train,0
5505,train,0
10338,train,0
10855,train,0
16989,train,0
13977,train,0
13122,train,0
17459,train,0
19167,train,0
2438,train,0
19059,train,0
12176,train,0
1316,train,0
7632,train,0
15958,train,0
18072,train,0
6874,train,0
14243,train,0
5185,train,0
1039,train,0
18839,train,0
8371,train,0
15869,train,0
7450,train,0
3676,train,0
14048,train,0
440,train,0
6061,train,0
10845,train,0
2597,train,0
8422,train,0
2912,train,0
5025,train,0
13722,train,0
9554,train,0
4084,train,0
10487,train,0
3202,train,0
5126,train,0
13401,train,0
1507,train,0
677,train,0
16482,train,0
17457,train,0
4416,train,0
10816,train,0
5446,train,0
2394,train,0
15227,train,0
773,train,0
2032,train,0
13120,train,0
18234,train,0
1239,train,0
2307,train,0
9319,train,0
13823,train,0
5500,train,0
2303,train,0
17200,train,0
15067,train,0
19264,train,0
3064,train,0
1232,train,0
15170,train,0
6390,train,0
16096,train,0
15612,train,0
10443,train,0
7617,train,0
14687,train,0
11348,train,0
11023,train,0
1952,train,0
3834,train,0
1925,train,0
19459,train,0
3329,train,0
9536,train,0
7552,train,0
6497,train,0
9414,train,0
17931,train,0
11772,train,0
13617,train,0
18437,train,0
12200,train,0
7989,train,0
14113,train,0
14966,train,0
13090,train,0
6201,train,0
16660,train,0
5919,train,0
18601,train,0
6321,train,0
17325,train,0
1688,train,0
14245,train,0
15208,train,0
15909,train,0
16870,train,0
14128,train,0
7600,train,0
17084,train,0
13727,train,0
19823,train,0
93,train,0
15877,train,0
4328,train,0
15865,train,0
15169,train,0
18767,train,0
2354,train,0
15282,train,0
2615,train,0
17489,train,0
16896,train,0
11921,train,0
15624,train,0
12282,train,0
2955,train,0
6475,train,0
2095,train,0
2868,train,0
11497,train,0
17308,train,0
3366,train,0
8177,train,0
16975,train,0
2210,train,0
8563,train,0
4320,train,0
6830,train,0
3855,train,0
18790,train,0
18366,train,0
1061,train,0
6261,train,0
14432,train,0
4366,train,0
19210,train,0
5329,train,0
3664,train,0
10524,train,0
1620,train,0
15243,train,0
4775,train,1
2116,train,0
6521,train,0
2870,train,0
12643,train,0
11416,train,0
4835,train,0
14339,train,0
12770,train,0
2913,train,0
5842,train,0
10784,train,0
14837,train,0
7929,train,0
14862,train,0
16010,train,0
7060,train,0
8919,train,0
4486,train,0
11077,train,0
794,train,0
18059,train,0
16462,train,0
618,train,0
10309,train,0
9605,train,0
7678,train,0
16551,train,0
5110,train,0
9116,train,0
19561,train,0
17835,train,0
14260,train,0
13254,train,0
7009,train,0
19925,train,0
7384,train,0
15073,train,0
11654,train,0
11630,train,0
18895,train,0
13501,train,0
13064,train,0
17247,train,0
3133,train,0
17745,train,0
916,train,0
1073,train,0
7380,train,0
11672,train,0
1490,train,0
1754,train,0
5079,train,0
15924,train,0
17163,train,0
7400,train,0
17966,train,0
5468,train,0
8608,train,0
5670,train,0
8479,train,0
7741,train,0
2066,train,0
12935,train,0
4981,train,0
7521,train,0
12670,train,0
1876,train,0
18684,train,0
17361,train,0
19180,train,0
15381,train,0
6780,train,0
10741,train,0
11280,train,0
10337,train,0
12967,train,0
7692,train,0
16527,train,0
11674,train,0
14818,train,0
12916,train,0
12915,train,0
4229,train,0
1434,train,0
6058,train,0
1026,train,0
14962,train,0
3734,train,0
5098,train,0
1874,train,0
13591,train,0
5457,train,0
5895,train,0
3960,train,0
6217,train,0
11924,train,0
1381,train,0
115,train,0
9386,train,0
17698,train,0
19402,train,0
17575,train,0
16387,train,0
6103,train,0
3913,train,0
2603,train,0
2682,train,0
10549,train,0
3145,train,0
11923,train,0
14430,train,0
2165,train,0
6378,train,0
2122,train,0
9584,train,0
6078,train,0
2825,train,0
6306,train,0
6725,train,0
10175,train,0
14602,train,0
6625,train,0
12239,train,0
5032,train,0
4155,train,0
5983,train,0
19970,train,0
8025,train,0
16129,train,0
6781,train,0
18964,train,0
1409,train,0
13876,train,0
13622,train,0
155,train,0
15200,train,0
3219,train,0
2587,train,0
19030,train,0
9980,train,0
4556,train,0
9829,train,0
19466,train,0
9267,train,0
9770,train,0
226,train,0
15626,train,0
15549,train,0
15057,train,0
6895,train,0
11375,train,0
17849,train,0
7025,train,0
17839,train,0
9713,train,0
6206,train,0
16819,train,0
10049,train,0
2756,train,0
5470,train,0
17667,train,0
4458,train,0
8729,train,0
19835,train,0
14259,train,0
14971,train,0
9853,train,0
3636,train,0
3994,train,0
3671,train,0
685,train,0
8140,train,0
1836,train,0
5684,train,0
2024,train,0
15568,train,0
16058,train,0
10780,train,0
17190,train,0
6066,train,0
17016,train,0
15038,train,0
19247,train,0
5926,train,0
1745,train,0
3524,train,0
9819,train,0
14878,train,0
17895,train,0
9971,train,0
1758,train,0
11010,train,0
3497,train,0
1902,train,0
2293,train,0
3786,train,0
2069,train,0
11782,train,0
3030,train,0
7287,train,0
13463,train,0
18759,train,0
8390,train,0
15770,train,0
3920,train,0
6680,train,0
18349,train,0
16352,train,0
959,train,0
18997,train,0
2475,train,0
13662,train,0
19654,train,0
9469,train,0
2240,train,0
14275,train,0
10079,train,0
12261,train,0
5785,train,0
5247,train,0
19666,train,0
12265,train,0
18884,train,0
7739,train,0
15337,train,0
6841,train,0
1975,train,0
9264,train,0
4046,train,0
5537,train,0
4139,train,0
7050,train,0
14732,train,0
18503,train,0
2206,train,0
2496,train,0
7737,train,0
6141,train,0
849,train,0
16350,train,0
15492,train,0
7296,train,0
18726,train,0
12929,train,0
2367,train,0
10306,train,0
18282,train,0
19581,train,0
8810,train,0
5094,train,0
7805,train,0
10829,train,0
2846,train,0
15908,train,0
15621,train,0
6514,train,0
16032,train,0
14695,train,0
2134,train,0
6319,train,0
19415,train,0
8893,train,0
13679,train,0
8869,train,0
16787,train,0
13016,train,0
9379,train,0
14840,train,0
6992,train,0
12121,train,0
11598,train,0
3903,train,0
3362,train,0
16340,train,0
1220,train,0
6892,train,0
17397,train,0
16529,train,0
17676,train,0
3817,train,0
17372,train,0
16261,train,0
6027,train,0
1933,train,0
18133,train,0
220,train,0
17710,train,0
2957,train,0
15340,train,0
9808,train,0
5718,train,0
11937,train,0
317,train,0
10266,train,0
2997,train,0
5972,train,0
153,train,0
1103,train,0
15796,train,0
13110,train,0
19498,train,0
11159,train,0
14689,train,0
6501,train,0
14822,train,0
18724,train,0
19762,train,0
2461,train,0
14654,train,0
16474,train,0
17195,train,0
2651,train,0
12642,train,0
12510,train,0
7601,train,0
7569,train,0
6715,train,0
6282,train,0
10984,train,0
9585,train,0
3643,train,0
18583,train,0
16859,train,0
15891,train,0
15259,train,0
852,train,0
19111,train,0
16940,train,0
1245,train,0
3182,train,0
13222,train,0
19220,train,0
8109,train,0
13999,train,0
12131,train,0
13490,train,0
1440,train,0
4746,train,0
11434,train,0
19162,train,0
17787,train,0
8098,train,0
6953,train,0
7877,train,0
12000,train,0
112,train,0
6092,train,0
13487,train,0
4833,train,0
2396,train,0
12802,train,0
11277,train,0
19159,train,0
19707,train,0
2146,train,0
11365,train,0
7959,train,0
10292,train,0
18300,train,0
5665,train,0
13389,train,0
2943,train,0
8974,train,0
4717,train,0
18735,train,0
15024,train,0
15755,train,0
7887,train,0
15677,train,0
2374,train,0
2951,train,0
18232,train,0
12672,train,0
4999,train,0
10,train,0
5342,train,0
19808,train,0
7829,train,0
14944,train,0
16292,train,0
8538,train,0
7114,train,0
2196,train,0
19786,train,0
5015,train,0
11756,train,0
10497,train,0
12733,train,0
3751,train,0
16480,train,0
6260,train,0
18091,train,0
6477,train,0
5568,train,0
14022,train,0
14433,train,0
814,train,0
14763,train,0
13210,train,0
10968,train,0
12444,train,0
12876,train,0
14388,train,0
11940,train,0
7267,train,0
14674,train,0
9785,train,0
1628,train,0
16619,train,0
17327,train,0
18022,train,0
11316,train,0
4208,train,0
6439,train,0
18650,train,0
11078,train,0
8056,train,0
2783,train,0
12353,train,0
11507,train,0
2601,train,0
10794,train,0
15897,train,0
19567,train,0
4005,train,0
10627,train,0
17556,train,0
18382,train,0
3478,train,0
12319,train,0
1158,train,0
3809,train,0
721,train,0
15576,train,0
1557,train,0
16907,train,0
12609,train,0
3514,train,0
19545,train,0
2512,train,0
18782,train,0
17144,train,0
12373,train,0
11028,train,0
16754,train,0
7168,train,0
18626,train,0
19702,train,0
2092,train,0
16976,train,0
6590,train,0
11424,train,0
3378,train,0
145,train,0
11550,train,0
9478,train,0
17823,train,0
4560,train,0
8307,train,0
2577,train,0
7008,train,0
4875,train,0
7090,train,0
9956,train,0
4974,train,0
6835,train,0
867,train,0
10991,train,0
17023,train,0
4024,train,0
5673,train,0
14123,train,0
18675,train,0
19268,train,0
1252,train,0
11314,train,0
15195,train,0
17373,train,0
8779,train,0
7522,train,0
10935,train,0
5752,train,0
15565,train,0
19767,train,0
18622,train,0
8154,train,0
18115,train,0
13483,train,0
11818,train,0
7171,train,0
13502,train,0
15819,train,0
15035,train,0
2647,train,0
9599,train,0
19157,train,0
16843,train,0
15033,train,0
5249,train,0
6717,train,0
17248,train,0
7993,train,0
15507,train,0
11219,train,0
16202,train,0
12348,train,0
6042,train,0
14536,train,0
5605,train,0
15225,train,0
7809,train,0
348,train,0
19037,train,0
3290,train,0
8245,train,0
4675,train,0
3439,train,0
19254,train,0
18392,train,0
4439,train,0
7408,train,0
660,train,0
19570,train,0
12919,train,0
1277,train,0
1100,train,0
17083,train,0
1015,train,0
17747,train,0
3897,train,0
15321,train,0
6245,train,0
19024,train,0
16774,train,0
19770,train,0
9108,train,0
11212,train,0
17422,train,0
9747,train,0
2201,train,0
5272,train,0
2941,train,0
12793,train,0
8982,train,0
8786,train,0
12863,train,0
15448,train,0
9717,train,0
16296,train,0
5700,train,0
14757,train,0
13550,train,0
17721,train,0
6891,train,0
17546,train,0
9878,train,0
16733,train,0
5666,train,0
15062,train,0
19675,train,0
14621,train,0
15432,train,0
16266,train,0
6569,train,0
16397,train,0
10839,train,0
15931,train,0
6854,train,0
6327,train,0
9648,train,0
16516,train,0
4242,train,0
12473,train,0
10944,train,0
17928,train,0
5835,train,0
7534,train,0
8694,train,0
1022,train,0
302,train,0
480,train,0
2036,train,0
17584,train,0
4021,train,0
11170,train,0
817,train,0
3768,train,0
1860,train,0
14219,train,0
9715,train,0
19801,train,0
1095,train,0
4522,train,0
14241,train,0
15021,train,0
935,train,0
5960,train,0
9552,train,0
19918,train,0
15928,train,0
13352,train,0
10714,train,0
5917,train,0
6207,train,0
13474,train,0
8341,train,0
9302,train,0
345,train,0
13246,train,0
4151,train,0
2101,train,0
1231,train,0
5550,train,0
954,train,0
12960,train,0
17524,train,0
9668,train,0
10403,train,0
17829,train,0
2988,train,0
3112,train,0
18281,train,0
3831,train,0
8522,train,0
7363,train,0
9182,train,0
10764,train,0
18158,train,0
2798,train,0
10879,train,0
16268,train,0
7616,train,0
445,train,0
238,train,0
15097,train,0
14915,train,0
5891,train,0
10950,train,0
13532,train,0
9362,train,0
12662,train,0
5935,train,0
15927,train,0
16799,train,0
19735,train,0
15098,train,0
13209,train,0
17506,train,0
6517,train,0
1616,train,0
2954,train,0
16937,train,0
3519,train,0
7615,train,0
12697,train,0
2654,train,0
6998,train,0
11975,train,0
13952,train,0
7659,train,0
10876,train,0
10702,train,0
7918,train,0
1110,train,0
9047,train,0
3082,train,0
10173,train,0
11265,train,0
6810,train,0
7954,train,0
14646,train,0
8147,train,0
3912,train,0
13855,train,0
15864,train,0
1979,train,0
279,train,0
13735,train,0
7103,train,0
8065,train,0
16691,train,0
13295,train,0
1610,train,0
12987,train,0
7054,train,0
750,train,0
17886,train,0
4961,train,0
8206,train,0
12400,train,0
3919,train,0
11094,train,0
17047,train,0
9849,train,0
18019,train,0
8282,train,0
11847,train,0
16994,train,0
9491,train,0
4270,train,0
7485,train,0
13924,train,0
14839,train,0
6094,train,0
1868,train,0
991,train,0
9873,train,0
10766,train,0
11217,train,0
5253,train,0
6984,train,0
3282,train,0
8801,train,0
2746,train,0
5139,train,0
9591,train,0
8667,train,0
14922,train,0
2599,train,0
16773,train,0
1937,train,0
8126,train,0
5947,train,0
17452,train,0
587,train,0
7652,train,0
310,train,0
18987,train,0
10380,train,0
11943,train,0
6451,train,0
11904,train,0
8331,train,0
8966,train,0
16221,train,0
19507,train,0
15344,train,0
647,train,0
6031,train,0
17580,train,0
14938,train,0
15573,train,0
11748,train,0
3155,train,0
18347,train,0
9341,train,0
3075,train,0
2971,train,0
9576,train,0
12767,train,0
19319,train,0
10182,train,0
7410,train,0
2287,train,0
1591,train,0
19014,train,0
11126,train,0
19212,train,0
6384,train,0
10758,train,0
12488,train,0
7320,train,0
4761,train,0
15508,train,0
4578,train,0
2657,train,0
7087,train,0
16600,train,0
11765,train,0
18972,train,0
9680,train,0
17566,train,0
1553,train,0
1823,train,0
13266,train,0
17255,train,0
15834,train,0
10098,train,0
14764,train,0
3369,train,0
15849,train,0
6015,train,0
16917,train,0
18277,train,0
7074,train,0
14679,train,0
3812,train,0
5357,train,0
10866,train,0
4818,train,0
9475,train,0
10002,train,0
9784,train,0
12298,train,0
18204,train,0
13202,train,0
18203,train,0
11156,train,0
10476,train,0
6916,train,0
11624,train,0
13300,train,0
68,train,0
10192,train,0
3691,train,0
4889,train,0
18451,train,0
16789,train,0
2188,train,0
16555,train,0
1689,train,0
5692,train,0
1477,train,0
11371,train,0
14390,train,0
15710,train,0
14001,train,0
17955,train,0
3998,train,0
6298,train,0
18567,train,0
6035,train,0
19645,train,0
5125,train,0
18424,train,0
10605,train,0
1476,train,0
7451,train,0
1612,train,0
17376,train,0
12896,train,0
2075,train,0
1413,train,0
18748,train,0
16109,train,0
10010,train,0
12495,train,0
16333,train,0
18771,train,1
6310,train,0
2982,train,0
7193,train,0
7073,train,0
8265,train,0
5280,train,0
13825,train,0
16642,train,0
14569,train,0
14755,train,0
12485,train,0
4824,train,0
5938,train,0
3088,train,0
13444,train,0
10621,train,0
12474,train,0
4191,train,0
3672,train,0
7097,train,0
3934,train,0
13111,train,0
2547,train,0
11517,train,0
3157,train,0
10947,train,0
11216,train,0
1515,train,0
16561,train,0
18516,train,0
9385,train,0
7012,train,0
4321,train,0
10432,train,0
5251,train,0
19060,train,0
167,train,0
4993,train,0
8852,train,0
13138,train,0
5850,train,0
434,train,0
19867,train,0
7560,train,0
12421,train,0
9955,train,0
12119,train,0
5713,train,0
1289,train,0
475,train,0
10727,train,0
13688,train,0
16860,train,0
1781,train,0
11753,train,0
5022,train,0
7338,train,0
10012,train,0
1081,train,0
16076,train,0
4134,train,0
10810,train,0
15531,train,0
7814,train,0
11644,train,0
1431,train,0
6482,train,0
16351,train,0
12394,train,0
4548,train,0
7120,train,0
15817,train,0
7967,train,0
2477,train,0
13948,train,0
1914,train,0
14845,train,0
12737,train,0
8639,train,0
13230,train,0
13309,train,0
15105,train,0
11169,train,0
14129,train,0
2495,train,0
6990,train,0
1629,train,0
11538,train,0
4301,train,0
12432,train,0
17011,train,0
11369,train,0
13398,train,0
5838,train,0
2623,train,0
5632,train,0
11388,train,0
14524,train,0
3359,train,0
15517,train,0
10392,train,0
7524,train,0
16419,train,0
7163,train,0
7670,train,0
12771,train,0
15802,train,0
18849,train,0
8219,train,0
7860,train,0
18038,train,0
19393,train,0
16117,train,0
524,train,0
7377,train,0
10771,train,0
58,train,0
3632,train,0
13922,train,0
507,train,0
18708,train,0
7610,train,0
11671,train,0
3039,train,0
3074,train,0
6541,train,0
12910,train,0
4507,train,0
16145,train,0
14528,train,0
14935,train,0
543,train,0
16359,train,0
5439,train,0
526,train,0
429,train,0
10315,train,0
2412,train,0
4073,train,0
3222,train,0
11850,train,0
2493,train,0
18479,train,0
3556,train,0
18134,train,0
4983,train,0
8957,train,0
19239,train,0
6619,train,0
777,train,0
6513,train,0
15011,train,0
14744,train,0
6677,train,0
16328,train,0
18978,train,0
11208,train,0
12749,train,0
2785,train,0
8229,train,0
7222,train,0
4965,train,0
10687,train,0
17321,train,0
11713,train,0
18706,train,0
7754,train,0
7182,train,0
2549,train,0
9121,train,0
5317,train,0
15611,train,0
2990,train,0
11329,train,0
16149,train,0
13315,train,0
4104,train,1
772,train,0
4503,train,0
6757,train,0
13383,train,0
13726,train,0
5756,train,0
9675,train,0
1426,train,0
6931,train,0
18109,train,0
2842,train,0
11712,train,0
76,train,0
14946,train,0
8892,train,0
16414,train,0
13218,train,0
7445,train,0
2441,train,0
1134,train,0
741,train,0
17243,train,0
7974,train,0
12787,train,0
15473,train,0
1438,train,0
19636,train,0
3972,train,0
7545,train,0
8995,train,0
6701,train,0
11563,train,0
9450,train,0
4695,train,0
846,train,0
19155,train,0
983,train,0
9596,train,0
15343,train,0
15832,train,0
19217,train,0
15012,train,0
2208,train,0
17912,train,0
2110,train,0
14043,train,0
19386,train,0
6096,train,0
10467,train,0
18538,train,0
3492,train,0
827,train,0
4174,train,0
13842,train,0
14401,train,0
11718,train,0
17229,train,0
14754,train,0
17737,train,0
8185,train,0
7015,train,0
13196,train,0
6405,train,0
15374,train,0
19776,train,0
2480,train,0
11290,train,0
18313,train,0
12420,train,0
12036,train,0
9305,train,0
3651,train,0
5830,train,0
17820,train,0
11306,train,0
17335,train,0
7825,train,0
12692,train,0
18167,train,0
18404,train,0
6063,train,0
18478,train,0
11597,train,0
5391,train,0
14036,train,0
14730,train,0
981,train,0
18906,train,0
16670,train,0
14300,train,0
1649,train,0
2014,train,0
16107,train,0
18420,train,0
8833,train,0
2716,train,0
9220,train,0
8467,train,0
7307,train,0
1488,train,0
17804,train,0
8268,train,0
1516,train,0
6320,train,0
15421,train,0
5512,train,0
3915,train,0
10261,train,0
4037,train,0
18695,train,0
13658,train,0
9311,train,0
2064,train,0
2341,train,0
6127,train,0
5482,train,0
678,train,0
11769,train,0
3946,train,0
3769,train,0
7343,train,0
6026,train,0
17872,train,0
12332,train,0
435,train,0
12738,train,0
17467,train,0
17068,train,0
4977,train,0
14983,train,0
11867,train,0
10183,train,0
16772,train,0
18553,train,0
9412,train,0
19842,train,0
14961,train,0
16417,train,0
6388,train,0
16553,train,0
17251,train,0
298,train,0
14648,train,0
15991,train,0
4736,train,0
2197,train,0
14102,train,0
4635,train,0
12120,train,0
7274,train,0
13441,train,0
1738,train,0
2362,train,0
16727,train,0
17951,train,0
8269,train,0
5421,train,0
6719,train,0
14063,train,0
3638,train,0
5826,train,0
7290,train,0
8952,train,0
1808,train,0
7922,train,0
14647,train,0
9821,train,0
191,train,0
6348,train,0
376,train,0
5316,train,0
8774,train,0
7233,train,0
9342,train,0
18712,train,0
2523,train,0
18529,train,0
13030,train,0
1303,train,0
13769,train,0
2937,train,0
3079,train,0
12323,train,0
18955,train,0
18106,train,0
3571,train,0
15922,train,0
19940,train,0
9538,train,0
4980,train,0
1160,train,0
16437,train,0
16161,train,0
3568,train,0
13010,train,0
5887,train,0
9510,train,0
10708,train,0
7606,train,0
19063,train,0
8937,train,0
7851,train,0
1541,train,0
2370,train,0
12992,train,0
5341,train,0
13560,train,0
17126,train,0
18842,train,0
10515,train,0
5564,train,0
12314,train,0
335,train,0
10926,train,0
17486,train,0
8093,train,0
15720,train,0
16783,train,0
6488,train,0
19546,train,0
14901,train,0
5966,train,0
11041,train,0
5903,train,0
1196,train,0
13635,train,0
11271,train,0
776,train,0
10076,train,0
3440,train,0
3875,train,0
16925,train,0
19841,train,0
2515,train,0
104,train,0
14321,train,0
8988,train,0
656,train,0
14933,train,0
14191,train,0
4900,train,0
2580,train,0
11760,train,0
11890,train,0
10323,train,0
4979,train,0
14071,train,0
236,train,0
15482,train,0
11428,train,0
2125,train,0
2229,train,0
17027,train,0
2162,train,0
4663,train,0
3285,train,0
15901,train,0
6247,train,0
19052,train,0
203,train,0
18074,train,0
19824,train,0
5326,train,0
13864,train,0
8159,train,0
15237,train,0
15175,train,0
11857,train,0
8273,train,0
11574,train,0
16001,train,0
8402,train,0
12105,train,0
12906,train,0
15056,train,0
9434,train,0
8713,train,0
15597,train,0
1505,train,0
14495,train,0
7688,train,0
3338,train,0
7393,train,0
13949,train,0
8213,train,0
7662,train,0
19184,train,0
6145,train,0
16212,train,0
3098,train,0
4715,train,0
465,train,0
15084,train,0
7665,train,0
18778,train,0
14179,train,0
15464,train,0
8409,train,0
12965,train,0
16661,train,0
10680,train,0
8987,train,0
2732,train,0
3993,train,0
9228,train,0
3918,train,0
12243,train,0
17134,train,0
8261,train,0
12535,train,0
839,train,0
14873,train,0
16679,train,0
17339,train,0
5558,train,1
18815,train,0
12925,train,0
15719,train,0
19448,train,0
4668,train,1
13265,train,0
1901,train,0
8790,train,0
3351,train,0
8977,train,0
8293,train,0
2778,train,0
4563,train,0
4679,train,0
19789,train,0
1804,train,0
8465,train,0
13961,train,0
2742,train,0
16566,train,0
15711,train,0
3438,train,0
19964,train,0
13585,train,0
164,train,0
646,train,0
377,train,0
9601,train,0
3472,train,0
10925,train,0
15000,train,0
10851,train,0
15629,train,0
1133,train,0
10444,train,0
5195,train,0
2279,train,0
6948,train,0
2377,train,0
13817,train,0
489,train,0
9130,train,0
2669,train,0
356,train,0
996,train,0
15285,train,0
11300,train,0
16575,train,0
18162,train,0
16044,train,0
4625,train,0
10287,train,0
9474,train,0
11145,train,0
19288,train,0
19828,train,0
15654,train,0
18,train,0
1266,train,0
13378,train,0
12825,train,0
4609,train,0
3781,train,0
4986,train,0
7588,train,0
17910,train,0
11178,train,0
15708,train,0
19537,train,0
3396,train,0
16936,train,0
18308,train,0
12603,train,0
3331,train,0
19097,train,0
7364,train,0
11581,train,0
5532,train,0
6268,train,0
2686,train,0
3250,train,0
602,train,0
6091,train,0
9029,train,0
14914,train,0
17463,train,0
12374,train,0
8267,train,0
10843,train,0
2880,train,0
15763,train,0
17697,train,0
13049,train,0
10456,train,0
4514,train,0
19553,train,0
7264,train,0
978,train,0
16034,train,0
17635,train,0
16059,train,0
17421,train,0
19837,train,0
19119,train,0
14487,train,0
14909,train,0
7252,train,0
10849,train,0
1800,train,0
2887,train,0
17238,train,0
15894,train,0
12196,train,0
1575,train,0
12864,train,0
7726,train,0
223,train,0
4698,train,0
15581,train,0
17969,train,0
12634,train,0
19668,train,0
17450,train,0
10882,train,0
4888,train,0
14110,train,0
8327,train,0
545,train,0
19877,train,0
4443,train,1
878,train,0
7525,train,0
8684,train,0
5897,train,0
17558,train,0
6136,train,0
4154,train,0
3693,train,0
5303,train,0
8850,train,0
3454,train,0
18090,train,0
15979,train,0
9517,train,0
2677,train,0
15706,train,0
6505,train,0
19942,train,0
9497,train,0
2687,train,0
4442,train,1
14714,train,0
8710,train,0
8418,train,0
16623,train,0
2455,train,0
4011,train,0
13888,train,0
9966,train,0
11167,train,0
6337,train,0
15407,train,0
19461,train,0
1908,train,0
8683,train,0
19369,train,0
1722,train,0
13616,train,0
5460,train,0
7701,train,0
18977,train,0
7033,train,0
9704,train,0
3136,train,0
12838,train,0
755,train,0
6903,train,0
594,train,0
12506,train,0
9217,train,0
188,train,0
3091,train,0
12055,train,0
9387,train,0
1923,train,0
10737,train,0
4535,train,0
2253,train,0
4573,train,0
4248,train,0
4513,train,0
12554,train,0
12857,train,0
17458,train,0
6678,train,0
14891,train,0
2270,train,0
9085,train,0
2779,train,0
766,train,0
2927,train,0
540,train,0
2205,train,0
6693,train,0
9676,train,0
19070,train,0
3716,train,0
6443,train,0
3180,train,0
11552,train,0
17947,train,0
1331,train,0
12012,train,0
591,train,0
1935,train,0
16121,train,0
12167,train,0
17683,train,0
3284,train,0
19937,train,0
8888,train,0
17873,train,0
10208,train,0
2231,train,0
2855,train,0
8232,train,0
14749,train,0
14650,train,0
3422,train,0
9976,train,0
14777,train,0
4116,train,0
19951,train,0
5294,train,0
8598,train,0
4171,train,0
5686,train,0
271,train,0
10461,train,0
4432,train,0
10718,train,0
16960,train,0
9992,train,0
9099,train,0
16218,train,0
8003,train,0
4568,train,0
16140,train,0
1189,train,0
8090,train,0
4870,train,0
4293,train,0
719,train,0
11070,train,0
19388,train,0
10022,train,0
4819,train,0
1891,train,0
10757,train,0
2203,train,0
6057,train,0
8315,train,0
14271,train,0
5007,train,0
11243,train,0
11072,train,0
11985,train,0
16170,train,0
18094,train,0
13066,train,0
829,train,0
18272,train,0
18018,train,0
19677,train,0
16250,train,0
19876,train,0
1815,train,0
3823,train,0
17146,train,0
10966,train,0
9844,train,0
19765,train,0
15458,train,0
14618,train,0
518,train,0
9141,train,0
18702,train,0
16155,train,0
2040,train,0
5010,train,0
5288,train,0
12878,train,0
6909,train,0
7447,train,0
12396,train,0
283,train,0
16318,train,0
19211,train,0
5977,train,0
12416,train,0
3235,train,0
2830,train,0
10805,train,0
14611,train,0
15650,train,0
9836,train,0
2689,train,0
15591,train,0
12470,train,0
409,train,0
51,train,0
14867,train,0
17096,train,0
10785,train,0
4595,train,0
19250,train,0
19819,train,0
19976,train,0
19558,train,0
8333,train,0
5736,train,0
7892,train,0
13018,train,0
12804,train,0
79,train,0
3275,train,0
8759,train,0
2915,train,0
18029,train,0
7546,train,0
15410,train,0
13129,train,0
987,train,0
5058,train,0
8718,train,0
297,train,0
18794,train,0
12225,train,0
7496,train,0
19685,train,0
3986,train,0
635,train,0
11874,train,0
2898,train,0
6634,train,0
14337,train,0
3707,train,0
3739,train,0
12283,train,0
17501,train,0
1882,train,0
3373,train,0
13260,train,0
16610,train,0
6492,train,0
8045,train,0
10850,train,0
3688,train,0
6614,train,0
11276,train,0
569,train,0
5924,train,0
6954,train,0
8061,train,0
10017,train,0
4917,train,0
8447,train,0
11318,train,0
11629,train,0
11722,train,0
8153,train,0
5255,train,0
12859,train,0
11060,train,0
13905,train,0
16710,train,0
8720,train,0
9247,train,0
16409,train,0
6312,train,0
6615,train,0
16467,train,0
14578,train,0
1692,train,0
3712,train,0
13979,train,0
1962,train,0
9224,train,0
4036,train,0
2428,train,0
16157,train,0
3398,train,0
9462,train,0
1997,train,0
514,train,0
784,train,0
3584,train,0
13772,train,0
19946,train,0
13164,train,0
17919,train,0
14221,train,0
6281,train,0
13937,train,0
4026,train,0
8319,train,0
13085,train,0
5594,train,0
18395,train,0
8380,train,0
19122,train,0
12785,train,0
8428,train,0
12520,train,0
8326,train,0
715,train,0
10815,train,0
4311,train,0
10436,train,0
9947,train,0
13637,train,0
3318,train,0
14258,train,0
10151,train,0
15554,train,0
8770,train,0
15526,train,0
5635,train,0
10990,train,0
4305,train,0
10601,train,0
9520,train,0
13704,train,0
751,train,0
4096,train,0
18432,train,0
7179,train,0
6542,train,0
17812,train,0
8678,train,0
4333,train,0
14902,train,0
14821,train,0
11823,train,0
6768,train,0
13274,train,0
7751,train,0
14347,train,0
14041,train,0
7357,train,0
17620,train,0
2349,train,0
18911,train,0
12689,train,0
106,train,0
14626,train,0
7094,train,0
17713,train,0
6640,train,0
19924,train,0
10009,train,0
4732,train,0
8372,train,0
12043,train,0
11325,train,0
2918,train,0
4895,train,0
18918,train,0
1055,train,0
7055,train,0
8614,train,0
13557,train,0
13887,train,0
4343,train,0
7235,train,0
3724,train,0
1361,train,0
9031,train,0
11450,train,0
11731,train,0
18087,train,0
15043,train,0
19121,train,0
18064,train,0
13454,train,0
309,train,0
10187,train,0
5987,train,0
19189,train,0
7622,train,0
12665,train,0
14174,train,0
12191,train,0
10762,train,0
9239,train,0
1721,train,0
15765,train,0
19086,train,0
15632,train,0
7866,train,0
10054,train,0
18769,train,0
6988,train,0
9299,train,0
12367,train,0
4644,train,0
14060,train,0
5576,train,0
4087,train,0
14857,train,0
5285,train,0
13280,train,0
5087,train,0
2589,train,0
1588,train,0
15659,train,0
9145,train,0
10391,train,0
8398,train,0
4132,train,0
1192,train,0
3191,train,0
7257,train,0
3125,train,0
252,train,1
6642,train,0
18302,train,0
9787,train,0
9284,train,1
17124,train,0
14574,train,0
15806,train,0
6851,train,0
11784,train,0
11181,train,0
6250,train,0
14861,train,1
12005,train,0
5194,train,0
3663,train,0
3480,train,0
4447,train,0
14178,train,0
9301,train,0
5721,train,0
18809,train,0
15586,train,0
5261,train,0
6589,train,0
7072,train,0
17795,train,0
1369,train,0
8306,train,0
8210,train,0
17739,train,0
12833,train,0
9621,train,0
12865,train,0
9251,train,0
13125,train,0
10120,train,0
14629,train,0
8446,train,0
6928,train,0
1750,train,0
1309,train,0
1332,train,0
15520,train,0
8532,train,0
3126,train,0
7864,train,0
10322,train,0
7413,train,0
14537,train,0
3302,train,0
11608,train,0
1778,train,0
14169,train,0
2298,train,0
12021,train,0
15045,train,0
17808,train,0
15827,train,0
1442,train,0
6460,train,0
10873,train,0
5273,train,0
16983,train,0
19554,train,0
18990,train,0
17901,train,0
1000,train,0
14555,train,0
1737,train,0
15501,train,0
17702,train,0
19175,train,0
14552,train,0
1072,train,0
19441,train,0
2347,train,0
19552,train,0
11320,train,0
10167,train,0
1598,train,0
5114,train,0
1149,train,0
1834,train,0
18429,train,0
4723,train,0
13730,train,0
11043,train,0
3805,train,0
4712,train,0
6671,train,0
2754,train,0
379,train,0
11368,train,0
19612,train,0
789,train,0
12145,train,0
4957,train,0
5063,train,0
14353,train,0
5031,train,0
10232,train,0
8376,train,0
5193,train,0
18046,train,0
1792,train,0
16029,train,0
3995,train,0
12963,train,0
4453,train,0
13760,train,0
10030,train,0
3183,train,0
12991,train,0
17085,train,0
5801,train,0
8613,train,0
12413,train,0
11593,train,0
7420,train,0
12124,train,0
13133,train,0
1102,train,0
6929,train,0
4350,train,0
13163,train,0
3968,train,0
17503,train,0
5873,train,0
12944,train,0
18556,train,0
1060,train,0
2566,train,0
17780,train,0
4733,train,0
15123,train,0
195,train,0
14267,train,0
3666,train,0
11031,train,0
4931,train,0
14170,train,0
217,train,0
463,train,0
12013,train,0
6297,train,0
786,train,0
8673,train,0
8611,train,0
17603,train,0
1669,train,0
13114,train,0
14904,train,0
6654,train,0
14843,train,0
19979,train,0
19771,train,0
1058,train,0
4645,train,0
10485,train,0
16240,train,0
5839,train,0
3760,train,0
4261,train,1
19198,train,0
11374,train,0
8584,train,0
6687,train,0
8496,train,0
7135,train,0
18239,train,0
16934,train,0
9303,train,0
15903,train,0
11936,train,0
15743,train,0
13485,train,0
17813,train,0
1971,train,0
12159,train,0
19541,train,0
19913,train,0
18766,train,0
9890,train,0
14738,train,0
485,train,0
12477,train,0
19357,train,0
10005,train,0
2978,train,0
2715,train,0
11038,train,0
6623,train,0
9164,train,0
16038,train,0
15486,train,0
4014,train,0
14657,train,0
14483,train,0
9336,train,0
7351,train,0
18005,train,0
9148,train,0
19291,train,0
17512,train,0
4184,train,0
3729,train,0
19809,train,0
2871,train,0
3644,train,0
15484,train,0
3710,train,0
8323,train,0
14379,train,0
16740,train,0
19437,train,0
4257,train,0
14765,train,0
19227,train,0
4067,train,0
13846,train,0
12522,train,0
1625,train,0
16298,train,0
17567,train,0
13791,train,0
16578,train,0
17178,train,0
6742,train,0
9135,train,0
9041,train,0
12369,train,0
14328,train,0
14046,train,0
10795,train,0
19485,train,0
5683,train,0
4002,train,0
3345,train,0
4119,train,0
4936,train,0
12270,train,0
14870,train,0
3240,train,0
12834,train,0
9390,train,0
11162,train,0
14421,train,0
18359,train,0
7038,train,0
13244,train,0
15186,train,0
1787,train,0
3402,train,0
11885,train,0
19306,train,0
10788,train,0
12410,train,0
7091,train,0
18357,train,0
17094,train,0
3630,train,0
16413,train,0
3005,train,0
11706,train,0
5688,train,0
1113,train,0
8182,train,0
1166,train,0
18973,train,0
671,train,0
14346,train,0
13717,train,0
16284,train,0
17874,train,0
17674,train,0
1774,train,0
12758,train,0
5813,train,0
8650,train,0
8257,train,0
14093,train,0
12109,train,0
5178,train,0
17447,train,0
2420,train,0
19704,train,0
2891,train,0
16853,train,0
1181,train,0
17696,train,0
14735,train,0
19769,train,0
228,train,0
8094,train,0
17844,train,0
16064,train,0
13579,train,0
6991,train,0
12228,train,0
19549,train,0
15477,train,0
14761,train,0
16072,train,0
7401,train,0
8063,train,0
8728,train,0
5267,train,0
17454,train,0
1715,train,0
18654,train,0
17763,train,0
1001,train,0
14847,train,0
10957,train,0
5451,train,0
4934,train,0
17043,train,0
12613,train,0
4692,train,0
5091,train,0
7753,train,0
6276,train,0
9189,train,0
6262,train,0
3944,train,0
19996,train,0
8324,train,0
13541,train,0
8489,train,0
10056,train,0
5442,train,0
5376,train,0
11783,train,0
7963,train,0
7539,train,0
2299,train,0
8156,train,0
14263,train,0
6332,train,0
2239,train,0
18017,train,0
1207,train,0
1706,train,0
19394,train,0
3151,train,0
5148,train,0
18923,train,0
15845,train,0
19714,train,0
3557,train,0
138,train,0
5364,train,0
1939,train,0
17041,train,0
6600,train,0
12481,train,0
1772,train,0
13652,train,0
788,train,0
11619,train,0
18237,train,0
17171,train,0
3015,train,0
3682,train,0
5093,train,0
7484,train,0
9856,train,0
17259,train,0
18905,train,0
6496,train,0
7952,train,0
13934,train,0
5618,train,0
14633,train,0
15772,train,0
19780,train,0
17309,train,0
2844,train,0
13677,train,0
8721,train,0
17896,train,0
14964,train,0
14518,train,0
18180,train,0
1497,train,0
506,train,0
4516,train,0
11192,train,0
3704,train,0
11235,train,0
7995,train,0
2364,train,0
10901,train,0
3395,train,0
18088,train,0
14055,train,0
4823,train,0
15008,train,0
9828,train,0
6900,train,0
12084,train,0
10372,train,0
18836,train,0
10591,train,0
1090,train,0
19392,train,0
11092,train,0
12928,train,0
19888,train,0
9762,train,0
17169,train,0
11494,train,0
2724,train,0
10740,train,0
6845,train,0
3431,train,0
3575,train,0
4795,train,0
19154,train,0
16370,train,0
10284,train,0
2079,train,0
16841,train,0
10291,train,0
4198,train,0
9898,train,0
4362,train,0
19943,train,0
1866,train,0
6989,train,0
19847,train,0
10410,train,0
7402,train,0
1472,train,0
7786,train,0
19818,train,0
11294,train,0
10107,train,0
17650,train,0
15904,train,0
2306,train,0
13525,train,0
1456,train,0
2544,train,0
513,train,0
13838,train,0
14624,train,0
14338,train,0
18975,train,0
9437,train,0
6059,train,0
8980,train,0
19192,train,0
18372,train,0
1093,train,0
713,train,0
1484,train,0
7637,train,0
11902,train,0
1702,train,0
4714,train,0
17923,train,0
19860,train,0
17853,train,0
5359,train,0
18994,train,0
13486,train,0
13186,train,0
12571,train,0
5035,train,0
13220,train,0
10081,train,0
552,train,0
19193,train,0
6699,train,0
10980,train,0
2828,train,0
14067,train,0
16069,train,0
17138,train,0
5394,train,0
16283,train,0
10035,train,0
8320,train,0
3893,train,0
5172,train,0
1404,train,0
17666,train,0
9451,train,0
12635,train,0
5130,train,0
13362,train,0
6028,train,0
7571,train,0
5539,train,0
1302,train,0
3668,train,0
250,train,0
6025,train,0
18596,train,0
2411,train,0
8103,train,0
16463,train,0
11690,train,0
9025,train,0
324,train,0
5741,train,0
11361,train,0
13507,train,0
13814,train,0
2735,train,0
3886,train,0
15534,train,0
10994,train,0
16877,train,0
12149,train,0
3046,train,0
13464,train,0
111,train,0
11928,train,0
9334,train,0
13241,train,0
9049,train,0
10719,train,0
10111,train,0
11410,train,0
34,train,0
152,train,0
3412,train,0
15721,train,0
18470,train,0
975,train,0
1336,train,0
1677,train,0
3858,train,0
14018,train,0
13273,train,0
2676,train,0
11559,train,0
5976,train,0
1227,train,0
10793,train,0
11196,train,0
17488,train,0
7166,train,0
19513,train,0
5310,train,0
8478,train,0
1710,train,0
15824,train,0
5211,train,0
18458,train,0
8719,train,0
19125,train,0
19904,train,0
18902,train,0
10361,train,0
19748,train,0
18775,train,0
19213,train,0
12720,train,0
12655,train,0
17514,train,0
3358,train,0
6047,train,0
14418,train,0
4924,train,0
15872,train,0
17715,train,0
16416,train,0
19547,train,0
3611,train,0
5910,train,0
15930,train,0
5536,train,0
4108,train,0
10868,train,0
5748,train,0
17762,train,0
1201,train,0
17115,train,0
19855,train,0
8367,train,0
18804,train,0
11352,train,0
1014,train,0
12426,train,0
14484,train,0
17355,train,0
11131,train,0
11332,train,0
5546,train,0
5084,train,0
8799,train,0
17135,train,0
8778,train,0
3803,train,0
19721,train,0
6736,train,0
9975,train,0
10721,train,0
5117,train,0
5514,train,0
7051,train,0
10102,train,0
4225,train,0
739,train,0
12989,train,0
1183,train,0
15060,train,0
11469,train,0
536,train,0
8602,train,0
19686,train,0
18186,train,0
5488,train,0
19651,train,0
14226,train,0
43,train,0
15561,train,0
4873,train,0
5180,train,0
9916,train,0
13076,train,0
1283,train,0
6300,train,0
9879,train,0
2739,train,0
2127,train,0
13075,train,0
18100,train,0
10835,train,0
16777,train,0
13716,train,0
2108,train,0
12316,train,0
8187,train,0
13190,train,0
3883,train,0
15287,train,0
4929,train,0
10101,train,0
107,train,0
19012,train,0
5161,train,0
18454,train,0
15346,train,0
18644,train,0
11065,train,0
3325,train,0
15082,train,0
5401,train,0
2389,train,0
11241,train,0
10188,train,0
418,train,0
7490,train,0
11194,train,0
14142,train,0
15280,train,0
12284,train,0
15678,train,0
18768,train,0
12006,train,0
199,train,0
2721,train,0
17796,train,0
5703,train,0
16364,train,0
3758,train,0
5444,train,0
871,train,0
3266,train,0
15109,train,0
15524,train,0
2728,train,0
19088,train,0
3685,train,0
3255,train,0
3397,train,0
15616,train,0
18753,train,0
9154,train,0
3991,train,0
17606,train,0
13816,train,0
9534,train,0
10878,train,0
17192,train,0
9883,train,0
1195,train,0
14831,train,0
10285,train,0
16084,train,0
12009,train,0
7206,train,0
13041,train,0
14006,train,0
4781,train,0
498,train,0
9502,train,0
13695,train,0
1712,train,0
19741,train,0
11689,train,0
171,train,0
18184,train,0
16045,train,0
19359,train,0
19682,train,0
3363,train,0
9356,train,0
385,train,0
10320,train,0
11003,train,0
11832,train,0
10646,train,0
12237,train,0
3315,train,0
7169,train,0
2141,train,0
2572,train,0
15820,train,0
6420,train,0
11589,train,0
19532,train,0
11048,train,0
2481,train,0
19983,train,0
3890,train,0
5728,train,0
9276,train,0
19499,train,0
3387,train,0
9866,train,0
18384,train,0
18449,train,0
13857,train,0
9081,train,0
12902,train,0
12054,train,0
8798,train,0
1481,train,0
15330,train,0
5445,train,0
2674,train,0
13159,train,0
742,train,0
6391,train,0
3583,train,0
9070,train,0
4978,train,0
19445,train,0
14291,train,0
9496,train,0
11741,train,0
18456,train,0
15345,train,0
14785,train,0
18959,train,0
2553,train,0
17604,train,0
2256,train,0
3916,train,0
11087,train,0
2618,train,0
4996,train,0
13420,train,0
12391,train,0
13421,train,0
14762,train,0
1107,train,0
499,train,0
2658,train,0
12536,train,0
17982,train,0
19046,train,0
19317,train,0
19980,train,0
10639,train,0
16869,train,0
14438,train,0
9170,train,0
2926,train,0
9227,train,0
11211,train,0
9514,train,0
1401,train,0
3415,train,0
3427,train,0
18719,train,0
1129,train,0
61,train,0
13071,train,0
8057,train,0
12718,train,0
16497,train,0
18542,train,0
6815,train,0
18951,train,0
15800,train,0
14119,train,0
12973,train,0
4476,train,0
10389,train,0
18188,train,0
6354,train,0
4922,train,0
10777,train,0
3462,train,0
3573,train,0
6401,train,0
12186,train,0
16708,train,0
10636,train,0
2159,train,0
8873,train,0
15189,train,0
2409,train,0
4183,train,0
10528,train,0
3094,train,0
8369,train,0
2592,train,0
16776,train,0
11288,train,0
13794,train,0
8519,train,0
19256,train,0
1797,train,0
19342,train,0
18084,train,0
11309,train,0
13496,train,0
4614,train,0
15250,train,0
13336,train,0
18202,train,0
18611,train,0
16581,train,0
13271,train,0
5179,train,0
6899,train,0
9842,train,0
19449,train,0
91,train,0
9210,train,0
1067,train,0
9010,train,0
16735,train,0
5480,train,0
2684,train,0
7397,train,0
4967,train,0
18416,train,0
9725,train,0
17159,train,0
1809,train,0
18530,train,0
19743,train,0
6369,train,0
13178,train,0
12334,train,0
16961,train,0
6236,train,0
3728,train,0
3943,train,0
6022,train,0
13959,train,0
19715,train,0
2057,train,0
10028,train,0
18761,train,0
5865,train,0
18868,train,0
16697,train,0
15069,train,0
13361,train,0
8592,train,0
13489,train,0
15167,train,0
18178,train,0
16720,train,0
4210,train,0
10217,train,0
18481,train,0
5242,train,0
7926,train,0
11252,train,0
8125,train,0
235,train,0
18625,train,0
17922,train,0
12351,train,0
7464,train,0
6114,train,0
3469,train,0
2526,train,0
821,train,0
2221,train,0
1696,train,0
980,train,0
10371,train,0
3603,train,0
7661,train,0
12982,train,0
7463,train,0
4726,train,0
6175,train,0
15352,train,0
19183,train,0
1646,train,0
6453,train,0
17881,train,0
15803,train,0
4828,train,0
9999,train,0
4083,train,0
16067,train,0
19295,train,0
4106,train,0
5962,train,0
16704,train,0
4396,train,0
18533,train,0
6941,train,0
1458,train,0
9687,train,0
17552,train,0
6881,train,0
11165,train,0
3026,train,0
17239,train,0
3660,train,0
19945,train,0
16579,train,0
18388,train,0
8831,train,0
12108,train,0
4586,train,0
6572,train,0
19190,train,0
15558,train,0
18460,train,0
5841,train,0
5334,train,0
2946,train,0
5205,train,0
18507,train,0
19411,train,0
5183,train,0
14310,train,0
9912,train,0
8106,train,0
4730,train,0
17915,train,0
12418,train,0
6532,train,0
1936,train,0
4800,train,0
2691,train,0
17274,train,0
9693,train,0
6267,train,0
12455,train,0
208,train,0
903,train,0
6818,train,0
6246,train,0
9743,train,0
1618,train,0
9811,train,0
10304,train,0
4720,train,0
5640,train,0
8780,train,0
14580,train,0
14708,train,0
2502,train,0
15693,train,0
18632,train,0
3052,train,0
16147,train,0
1145,train,0
13268,train,0
13939,train,0
6083,train,0
19421,train,0
12072,train,0
15691,train,0
14097,train,0
1811,train,0
12847,train,0
11166,train,0
17118,train,0
19475,train,0
16737,train,0
4643,train,0
2770,train,0
9118,train,0
9904,train,0
17156,train,0
7006,train,0
15429,train,0
496,train,0
4628,train,0
12227,train,0
9040,train,0
3279,train,0
8070,train,0
8631,train,0
4386,train,0
9139,train,0
10275,train,0
19506,train,0
6987,train,0
10896,train,0
1013,train,0
8018,train,0
14198,train,0
9625,train,0
3081,train,0
5165,train,0
3715,train,0
7927,train,0
6045,train,0
5737,train,0
17761,train,0
6189,train,0
3242,train,0
13992,train,0
16846,train,0
17038,train,0
7422,train,0
13299,train,0
13227,train,0
13563,train,0
15638,train,0
8654,train,0
11221,train,0
5157,train,0
2883,train,0
13796,train,0
9600,train,0
3386,train,0
4444,train,0
12588,train,0
13160,train,0
6166,train,0
19524,train,0
13475,train,0
9509,train,0
19782,train,0
15866,train,0
14454,train,0
13100,train,0
19363,train,0
4629,train,0
19838,train,0
4451,train,0
10423,train,0
15692,train,0
11557,train,0
11189,train,0
5425,train,0
15811,train,0
1307,train,0
16366,train,0
18316,train,0
9378,train,0
10379,train,0
15135,train,0
14184,train,0
10863,train,0
11829,train,0
13057,train,0
1098,train,0
157,train,0
3071,train,0
16924,train,0
18764,train,0
8086,train,0
19297,train,0
3237,train,0
11155,train,0
12347,train,0
12954,train,0
11886,train,0
16638,train,0
6862,train,0
4590,train,0
19484,train,0
9837,train,0
9490,train,0
17329,train,0
13355,train,0
13946,train,0
9203,train,0
12750,train,0
6213,train,0
1788,train,0
4449,train,0
6663,train,0
7470,train,0
15954,train,0
15005,train,0
16499,train,0
16686,train,0
10359,train,0
2178,train,0
5878,train,0
15562,train,0
13907,train,0
14545,train,0
14207,train,0
3876,train,0
10427,train,0
10514,train,0
1452,train,0
16790,train,0
18506,train,0
4097,train,0
2140,train,0
1647,train,0
5549,train,0
2999,train,0
18436,train,0
5954,train,0
6476,train,0
16513,train,0
1942,train,0
3891,train,0
16185,train,0
14276,train,0
15456,train,0
330,train,0
9152,train,0
18146,train,0
5077,train,0
2472,train,0
6926,train,0
7282,train,0
15022,train,0
2426,train,0
17330,train,0
2254,train,0
8441,train,0
9161,train,0
14690,train,0
5014,train,0
15194,train,0
7443,train,0
18602,train,0
18935,train,0
6641,train,0
3048,train,0
11568,train,0
19907,train,0
16262,train,0
18947,train,0
11177,train,0
18898,train,0
1405,train,0
14576,train,0
18627,train,0
9248,train,0
19952,train,0
16515,train,0
2124,train,0
11566,train,0
12126,train,0
13812,train,0
19623,train,0
12402,train,0
12628,train,0
3759,train,0
3782,train,0
7687,train,0
16425,train,0
13712,train,0
12222,train,0
13113,train,0
16447,train,0
10906,train,0
17962,train,0
17035,train,0
13373,train,0
10430,train,0
18268,train,0
12112,train,0
8314,train,0
17206,train,0
14446,train,0
9465,train,0
7064,train,0
10131,train,0
2810,train,0
10375,train,0
2186,train,0
17258,train,0
6656,train,0
12288,train,0
12457,train,0
16681,train,0
7666,train,0
10985,train,0
6784,train,0
6618,train,0
4700,train,0
2680,train,0
8620,train,0
3598,train,0
4904,train,0
11880,train,0
5566,train,0
1156,train,0
9104,train,0
14685,train,0
12268,train,0
9355,train,0
13319,train,0
8762,train,0
8581,train,0
14368,train,0
7374,train,0
5678,train,0
504,train,0
5724,train,0
4110,train,0
4760,train,0
14343,train,0
5504,train,0
17356,train,0
4937,train,0
1257,train,0
16051,train,0
541,train,0
3681,train,0
19592,train,0
8618,train,0
18004,train,0
8757,train,0
12593,train,0
6377,train,0
10790,train,0
15729,train,0
12558,train,0
19602,train,0
15247,train,0
7761,train,0
286,train,0
14270,train,0
5808,train,0
14166,train,0
13656,train,0
9937,train,0
4826,train,0
4253,train,0
4441,train,1
8877,train,0
11293,train,0
19064,train,0
19617,train,0
2642,train,0
1915,train,0
14441,train,0
7643,train,0
14039,train,0
8510,train,0
19971,train,0
9033,train,0
17748,train,0
12247,train,0
19810,train,0
4265,train,0
19822,train,0
13403,train,0
2949,train,0
13494,train,0
11926,train,0
13156,train,0
18434,train,0
11887,train,0
336,train,0
16998,train,0
8044,train,0
6662,train,0
12263,train,0
3300,train,0
16327,train,0
5295,train,0
13849,train,0
9987,train,0
1734,train,0
19939,train,0
18608,train,0
6437,train,0
2656,train,0
4271,train,0
2874,train,0
13578,train,0
225,train,0
16923,train,0
5973,train,0
1694,train,0
13711,train,0
2945,train,0
18055,train,0
10390,train,0
10660,train,0
2026,train,0
18494,train,0
11238,train,0
16388,train,0
16125,train,0
9271,train,0
10299,train,0
15016,train,0
11664,train,0
3288,train,0
8013,train,0
1221,train,0
3538,train,0
14131,train,0
5704,train,0
8523,train,0
3984,train,0
13574,train,0
16390,train,0
7327,train,0
5592,train,0
17685,train,0
7183,train,0
17350,train,0
18816,train,0
10809,train,0
8983,train,0
5155,train,0
11979,train,0
18194,train,0
2524,train,0
1584,train,0
15978,train,0
17958,train,0
1254,train,0
11696,train,0
11400,train,0
3161,train,0
12208,train,0
612,train,0
7002,train,1
483,train,0
15094,train,0
14025,train,0
7893,train,0
10470,train,0
4207,train,0
1443,train,0
15997,train,0
5116,train,0
7757,train,0
5228,train,0
19476,train,0
1433,train,0
11944,train,0
15147,train,0
18813,train,0
18833,train,0
18365,train,0
611,train,0
18040,train,0
10684,train,0
11952,train,0
15253,train,0
18812,train,0
9720,train,0
10973,train,0
5415,train,0
9193,train,0
13059,train,0
14929,train,0
555,train,0
1396,train,0
3989,train,0
11127,train,0
8249,train,0
14828,train,0
18422,train,0
18315,train,0
18226,train,0
11039,train,0
3570,train,0
2379,train,0
14436,train,0
12753,train,0
4584,train,0
19202,train,0
6945,train,0
13763,train,0
7279,train,0
7016,train,0
5872,train,0
11997,train,0
16316,train,0
15396,train,0
17040,train,0
12076,train,0
3969,train,0
15610,train,0
15122,train,0
10912,train,0
18492,train,0
1726,train,0
13007,train,0
12504,train,0
17541,train,0
760,train,0
3160,train,0
14694,train,0
3631,train,0
6996,train,0
13865,train,0
17225,train,0
8204,train,0
18207,train,0
17903,train,0
12683,train,0
11427,train,0
824,train,0
12682,train,0
15188,train,0
5163,train,0
6291,train,0
16788,train,0
18584,train,0
8466,train,0
438,train,0
2701,train,0
7354,train,0
13192,train,0
11813,train,0
3012,train,0
10953,train,0
10125,train,0
9569,train,0
15619,train,0
14499,train,0
14409,train,0
468,train,0
451,train,0
18361,train,0
11083,train,0
18734,train,0
16255,train,0
7550,train,0
6803,train,0
3433,train,0
13452,train,0
8745,train,0
10582,train,0
19274,train,0
3346,train,0
11437,train,0
1180,train,0
10025,train,0
12729,train,0
12932,train,0
10813,train,0
11233,train,0
5268,train,0
12218,train,0
13968,train,0
11258,train,0
9861,train,0
5237,train,0
14511,train,0
12008,train,0
8835,train,0
18089,train,0
15783,train,0
18067,train,0
11734,train,0
4309,train,0
19662,train,0
14920,train,0
5788,train,0
3589,train,0
9285,train,1
5123,train,1
7300,train,0
6116,train,0
6636,train,0
13751,train,0
18026,train,0
5122,train,0
8880,train,0
6668,train,0
18725,train,0
2059,train,0
125,train,0
2541,train,0
14176,train,0
9188,train,0
19290,train,0
19973,train,0
8497,train,0
15818,train,0
7140,train,0
10986,train,0
19994,train,0
4044,train,0
3667,train,0
16057,train,0
4173,train,0
6855,train,0
2557,train,0
15058,train,0
16393,train,0
17375,train,0
1520,train,0
11256,train,0
12408,train,0
14307,train,0
4408,train,0
9279,train,0
4959,train,0
6108,train,0
17700,train,0
17899,train,0
8067,train,0
11649,train,0
5837,train,0
15009,train,0
5675,train,0
17991,train,0
6849,train,0
7793,train,0
17352,train,0
15642,train,0
1728,train,0
6626,train,0
2282,train,0
15681,train,0
16812,train,0
12633,train,0
19410,train,0
3010,train,0
17107,train,0
12306,train,0
7673,train,0
3233,train,0
4007,train,0
18111,train,0
13881,train,0
8526,train,0
16509,train,0
13360,train,0
4499,train,0
8001,train,0
17237,train,0
4373,train,0
7429,train,0
3272,train,1
15812,train,0
10316,train,0
9814,train,0
11275,train,0
9137,train,0
11621,train,0
14194,train,0
362,train,0
9643,train,0
18183,train,0
16092,train,0
5561,train,0
2043,train,0
3518,train,0
18228,train,0
8250,train,0
15051,train,0
17132,train,0
9652,train,0
4420,train,0
15735,train,0
16269,train,0
8569,train,0
4836,train,0
15271,train,0
17478,train,0
16822,train,0
18367,train,0
9834,train,0
6778,train,0
19102,train,0
13205,train,0
15668,train,0
12979,train,0
2820,train,0
5620,train,0
11618,train,0
1529,train,0
7457,train,0
16973,train,0
18154,train,0
3577,train,0
6580,train,0
11891,train,0
370,train,0
4834,train,0
17318,train,0
3788,train,0
182,train,0
11960,train,0
19076,train,0
2000,train,0
11531,train,0
3001,train,0
2531,train,0
16762,train,0
1275,train,0
7117,train,0
16484,train,0
11908,train,0
15328,train,0
8299,train,0
8419,train,0
2456,train,0
12990,train,0
13910,train,0
13944,train,0
1843,train,0
13203,train,0
476,train,0
4258,train,0
4940,train,0
12574,train,0
877,train,0
9364,train,0
12517,train,0
15004,train,0
15442,train,0
10149,train,0
11826,train,0
4365,train,0
850,train,0
18423,train,0
19053,train,0
3349,train,0
3410,train,0
18637,train,0
16618,train,0
12605,train,0
8738,train,0
12346,train,0
3925,train,0
2513,train,0
6084,train,0
5789,train,0
11659,train,0
2104,train,0
6123,train,0
18227,train,0
8009,train,0
11879,train,0
12503,train,0
16018,train,0
18099,train,0
12333,train,0
18374,train,0
11895,train,0
4115,train,0
16892,train,0
3178,train,0
7106,train,0
6459,train,0
2695,train,0
6586,train,0
18581,train,0
2652,train,0
12389,train,0
5422,train,0
16927,train,0
6323,train,0
12818,train,0
18863,train,0
17781,train,0
9243,train,0
838,train,0
16577,train,0
17943,train,0
5707,train,0
18258,train,0
6629,train,0
11097,train,0
13185,train,0
5857,train,0
19953,train,0
3007,train,0
9219,train,0
8816,train,0
6234,train,0
18872,train,0
13970,train,0
13645,train,0
10772,train,0
8083,train,0
15846,train,0
17307,train,0
8357,train,0
6973,train,0
15862,train,0
4059,train,0
16639,train,0
9066,train,0
16264,train,0
15179,train,0
13818,train,0
9636,train,0
2875,train,0
4147,train,0
14712,train,0
3980,train,0
15955,train,0
13660,train,0
4107,train,0
13047,train,0
966,train,0
16341,train,0
1509,train,0
9308,train,0
18636,train,0
13506,train,0
10710,train,0
17960,train,0
17638,train,0
2017,train,0
4543,train,0
19404,train,0
12356,train,0
16281,train,0
4109,train,0
8540,train,0
10001,train,0
19310,train,0
18307,train,0
19199,train,0
859,train,0
14693,train,0
5575,train,0
7501,train,0
5257,train,0
7599,train,0
5065,train,0
14303,train,0
9333,train,0
7736,train,0
13158,train,0
12205,train,0
8342,train,0
16139,train,0
19839,train,0
1675,train,0
10652,train,0
8271,train,0
18875,train,0
3186,train,0
14514,train,0
9773,train,0
12602,train,0
5950,train,0
6508,train,0
13035,train,0
11433,train,0
14967,train,0
6723,train,0
19796,train,0
18677,train,0
1686,train,0
306,train,0
7717,train,0
18241,train,0
12234,train,0
19067,train,0
149,train,0
4529,train,0
16113,train,0
13822,train,0
11061,train,0
8593,train,0
7459,train,0
4019,train,0
13201,train,0
6585,train,0
8006,train,0
3619,train,0
19852,train,0
11268,train,0
17253,train,0
5662,train,0
10121,train,0
746,train,0
15528,train,0
9433,train,0
1542,train,0
3163,train,1
18856,train,0
14516,train,0
1047,train,0
7950,train,0
7909,train,0
4459,train,0
10441,train,0
6433,train,0
18760,train,0
9404,train,0
8707,train,0
17907,train,0
14868,train,0
10897,train,0
8795,train,0
18634,train,0
5062,train,0
8533,train,0
5097,train,0
10189,train,0
19100,train,0
5608,train,0
3225,train,0
2509,train,0
18787,train,0
13672,train,0
10853,train,0
8672,train,0
1736,train,0
19655,train,0
3942,train,0
4240,train,0
18730,train,0
14791,train,0
5219,train,0
17768,train,0
4982,train,0
6758,train,0
9555,train,0
7853,train,0
9969,train,0
18821,train,0
1496,train,0
822,train,0
1888,train,0
3104,train,0
3110,train,0
10328,train,0
1711,train,0
3289,train,0
18915,train,0
19792,train,0
16625,train,0
12023,train,0
18464,train,0
10482,train,0
5302,train,0
7703,train,0
18682,train,0
5930,train,0
19851,train,0
14122,train,0
10738,train,0
16002,train,0
3909,train,0
19661,train,0
18522,train,0
2068,train,0
7647,train,0
7437,train,0
5429,train,0
16354,train,0
15055,train,0
19875,train,0
3966,train,0
16980,train,0
16408,train,0
1168,train,0
1335,train,0
18309,train,0
395,train,0
9897,train,0
11409,train,0
8042,train,0
19778,train,0
15618,train,0
4426,train,0
13670,train,0
15030,train,0
18709,train,0
9632,train,0
18749,train,0
13935,train,0
14301,train,0
9278,train,0
2745,train,0
12372,train,0
12074,train,0
12291,train,0
11594,train,0
12505,train,0
10235,train,0
6759,train,0
8783,train,0
5957,train,0
7788,train,0
9458,train,0
7076,train,0
11571,train,0
9375,train,0
19584,train,0
15816,train,0
8539,train,0
16825,train,0
18199,train,0
15184,train,0
7001,train,0
17170,train,0
10694,train,0
12545,train,0
12930,train,0
9926,train,0
13480,train,0
19368,train,0
5595,train,0
18041,train,0
11067,train,0
16225,train,0
1521,train,0
19029,train,0
9589,train,0
1380,train,0
6537,train,0
12215,train,1
13606,train,0
11716,train,0
17160,train,0
13719,train,0
16191,train,0
7099,train,0
1024,train,0
14088,train,0
1603,train,0
18862,train,0
17906,train,0
16589,train,0
12034,train,0
9147,train,0
8312,train,0
9960,train,0
2813,train,0
10203,train,0
13161,train,0
13261,train,0
13118,train,0
10900,train,0
222,train,0
2045,train,0
13478,train,0
4190,train,0
10899,train,0
1367,train,0
17127,train,0
3173,train,0
19897,train,0
12529,train,0
3312,train,0
14415,train,0
15295,train,0
5852,train,1
5162,train,0
3526,train,0
5447,train,0
16062,train,0
4268,train,0
5408,train,0
13144,train,0
11520,train,0
13866,train,0
13166,train,0
4172,train,0
4276,train,0
10011,train,0
2534,train,0
19337,train,0
12740,train,0
10478,train,0
6080,train,0
12258,train,0
50,train,0
17789,train,0
16358,train,0
16778,train,0
11419,train,0
14398,train,0
19093,train,0
17312,train,0
7819,train,0
13708,train,0
8199,train,0
10239,train,0
4509,train,0
12371,train,0
16634,train,0
5702,train,0
4894,train,0
1545,train,0
8660,train,0
3061,train,0
2399,train,0
2058,train,0
8839,train,0
1137,train,0
15335,train,0
6194,train,0
11872,train,0
610,train,0
8358,train,0
13308,train,0
5453,train,0
406,train,0
5147,train,0
1471,train,0
18864,train,0
2310,train,0
16854,train,0
2733,train,0
2688,train,0
1393,train,0
695,train,0
12889,train,0
2528,train,0
7230,train,0
8410,train,0
17385,train,0
8482,train,0
4751,train,0
1423,train,0
9094,train,0
12089,train,0
13792,train,0
9419,train,0
18425,train,0
12450,train,0
6853,train,0
7693,train,0
13458,train,0
16908,train,0
19132,train,0
55,train,0
15975,train,0
11830,train,0
4854,train,0
1478,train,0
13409,train,0
3343,train,0
6536,train,0
8270,train,0
18060,train,0
9470,train,0
12151,train,0
15786,train,0
16423,train,0
16902,train,0
2049,train,0
7718,train,0
7780,train,0
6877,train,0
16459,train,0
6887,train,0
18965,train,0
6753,train,0
9888,train,0
11821,train,0
12459,train,0
3090,train,0
11502,train,0
10603,train,0
1665,train,0
5846,train,0
5274,train,0
15255,train,0
304,train,0
3604,train,0
8060,train,0
13392,train,0
9991,train,0
17637,train,0
6494,train,0
18582,train,0
9310,train,0
19149,train,0
3548,train,0
19452,train,0
5617,train,0
16242,train,0
699,train,0
13445,train,0
3827,train,0
12764,train,0
16574,train,0
16360,train,0
14943,train,0
10563,train,0
358,train,0
16547,train,0
1889,train,0
13372,train,0
16389,train,0
5060,train,0
7372,train,0
18442,train,0
5641,train,0
12582,train,0
516,train,0
1365,train,0
662,train,0
5677,train,0
19430,train,0
10195,train,0
4672,train,0
16674,train,0
15707,train,0
15962,train,0
3212,train,0
1269,train,0
10080,train,0
7664,train,0
15470,train,0
17275,train,0
2558,train,0
882,train,0
4003,train,0
6210,train,0
19975,train,0
11448,train,0
13096,train,0
5578,train,0
18205,train,0
7256,train,0
8289,train,0
11260,train,0
18925,train,0
17549,train,0
411,train,0
16611,train,0
3950,train,0
17442,train,0
519,train,0
13067,train,0
5107,train,0
10747,train,0
6408,train,0
16641,train,0
16665,train,0
745,train,0
2948,train,0
16768,train,0
3425,train,0
12781,train,0
14312,train,0
11840,train,0
46,train,0
12031,train,0
7185,train,0
11878,train,0
18427,train,0
11584,train,0
15739,train,0
7873,train,0
11421,train,0
16658,train,0
9973,train,0
10095,train,0
19345,train,0
1938,train,0
7682,train,0
3446,train,0
1844,train,0
18189,train,0
3304,train,0
15264,train,0
16898,train,0
7625,train,0
9919,train,0
5820,train,0
12923,train,0
3614,train,0
331,train,0
17877,train,0
10612,train,0
16184,train,0
5672,train,0
5389,train,0
6132,train,0
792,train,0
8285,train,0
11881,train,0
3878,train,0
18993,train,0
1827,train,0
16477,train,0
173,train,0
12312,train,0
14195,train,0
5927,train,0
9167,train,0
11509,train,0
9376,train,0
5227,train,0
1953,train,0
13281,train,0
3460,train,0
9642,train,0
12248,train,0
10546,train,0
6454,train,0
5989,train,0
16532,train,0
13778,train,0
8040,train,0
2522,train,0
12544,train,0
7414,train,0
17617,train,0
9432,train,0
16826,train,0
890,train,0
7506,train,0
14373,train,0
14745,train,0
18385,train,0
18375,train,0
7970,train,0
18916,train,0
7395,train,0
8824,train,0
6017,train,0
727,train,0
3365,train,0
6739,train,0
10168,train,0
8436,train,0
14482,train,0
14371,train,0
10557,train,0
18970,train,0
9528,train,0
6718,train,0
12343,train,0
3687,train,0
3045,train,0
8221,train,0
18033,train,0
16501,train,0
15288,train,0
3406,train,0
9708,train,0
1658,train,0
15717,train,0
17209,train,0
3700,train,0
6940,train,0
8173,train,0
10015,train,0
7563,train,0
14893,train,0
8414,train,0
9020,train,0
19671,train,0
8368,train,0
2802,train,0
5899,train,0
18743,train,0
14192,train,0
7990,train,0
11860,train,0
17122,train,0
8661,train,0
11059,train,0
10090,train,0
3750,train,0
17145,train,0
14769,train,0
200,train,0
6041,train,0
2401,train,0
17060,train,0
470,train,0
15947,train,0
728,train,0
3459,train,0
2126,train,0
10034,train,0
15587,train,0
7654,train,0
3695,train,0
705,train,0
8122,train,0
15419,train,0
10412,train,0
1420,train,0
12303,train,0
2530,train,0
9321,train,0
2748,train,0
2198,train,0
12523,train,0
5643,train,0
10731,train,0
18278,train,0
15019,train,0
17439,train,0
9685,train,0
15938,train,0
4518,train,0
15546,train,0
8708,train,0
5697,train,0
6174,train,0
4090,train,0
6309,train,0
898,train,0
15072,train,0
8108,train,0
2727,train,0
18900,train,0
19972,train,0
15404,train,0
23,train,0
1288,train,0
17897,train,0
6925,train,0
16827,train,0
5727,train,0
7820,train,0
14158,train,0
10620,train,0
11906,train,0
17973,train,0
10576,train,0
6565,train,0
6831,train,0
16958,train,0
17777,train,0
15498,train,0
13624,train,0
19575,train,0
18289,train,0
9095,train,0
6967,train,0
1410,train,0
15669,train,0
790,train,0
14326,train,0
9447,train,0
4029,train,0
4233,train,0
3865,train,0
10438,train,0
16464,train,0
2672,train,0
2780,train,0
7158,train,0
19136,train,0
17497,train,0
6978,train,0
18114,train,0
18756,train,0
10945,train,0
6751,train,0
17921,train,0
14334,train,0
9258,train,0
15279,train,0
7065,train,0
17616,train,0
4277,train,0
8997,train,0
15092,train,0
2121,train,0
2166,train,0
1903,train,0
12203,train,0
8328,train,0
13137,train,0
7440,train,0
16258,train,0
13902,train,0
353,train,0
5799,train,0
12158,train,0
8920,train,0
15821,train,0
2612,train,0
8430,train,0
1537,train,0
1318,train,0
10534,train,0
9067,train,0
13954,train,0
48,train,0
3999,train,0
17191,train,0
18808,train,0
3138,train,0
3881,train,0
5420,train,0
4288,train,0
16289,train,0
7277,train,0
18110,train,0
4906,train,0
6038,train,0
7092,train,0
14993,train,0
12922,train,0
8967,train,0
1578,train,0
4809,train,0
9230,train,0
17296,train,0
8885,train,0
12976,train,0
17242,train,0
18791,train,0
4729,train,0
4048,train,0
5562,train,0
17267,train,0
7575,train,0
13575,train,0
9159,train,0
19327,train,0
6927,train,0
14293,train,0
15411,train,0
13737,train,0
1982,train,0
9522,train,0
8878,train,0
18983,train,0
4269,train,0
18754,train,0
9039,train,0
6595,train,0
19766,train,0
6746,train,0
8337,train,0
12280,train,0
11045,train,0
13983,train,0
4177,train,0
16217,train,0
15494,train,0
9995,train,0
17669,train,0
19672,train,0
2013,train,0
8950,train,0
9405,train,0
17830,train,0
12037,train,0
10297,train,0
10975,train,0
19128,train,0
17443,train,0
522,train,0
15736,train,0
7657,train,0
10279,train,0
14635,train,0
4178,train,0
17918,train,0
19371,train,0
11052,train,0
13177,train,0
9435,train,0
14583,train,0
13264,train,0
9088,train,0
14584,train,0
19105,train,0
2709,train,0
12213,train,0
16659,train,0
13088,train,0
2712,train,0
1944,train,0
1148,train,0
16402,train,0
14600,train,0
4802,train,0
7407,train,0
16496,train,0
7880,train,0
16154,train,0
490,train,0
16153,train,0
2520,train,0
8349,train,0
5840,train,0
15070,train,0
8564,train,0
9640,train,0
18471,train,0
7795,train,0
9269,train,0
14068,train,0
1025,train,0
18144,train,0
7543,train,0
18780,train,0
5540,train,0
7576,train,0
16442,train,0
5953,train,0
1230,train,0
3207,train,0
16471,train,0
7914,train,0
17380,train,0
13038,train,0
10519,train,0
14472,train,0
18129,train,0
8547,train,0
19564,train,0
70,train,0
15139,train,0
5497,train,0
2782,train,0
19056,train,0
2622,train,0
8574,train,0
6685,train,0
19665,train,0
5430,train,0
18130,train,0
15831,train,0
1880,train,0
11530,train,0
747,train,0
9195,train,0
10416,train,0
19293,train,0
3517,train,0
19539,train,0
12931,train,0
4064,train,0
14314,train,0
9962,train,0
5706,train,0
12190,train,0
10087,train,0
2617,train,0
9881,train,0
12881,train,0
14947,train,0
18197,train,0
18446,train,0
10205,train,0
14659,train,0
16723,train,0
19226,train,0
3342,train,0
17778,train,0
1352,train,0
6081,train,0
4847,train,0
510,train,0
6697,train,0
9789,train,0
16864,train,0
1709,train,0
14806,train,0
9806,train,0
2460,train,0
5698,train,0
16585,train,0
1346,train,0
18049,train,0
17347,train,0
19928,train,0
8600,train,0
6126,train,0
11663,train,0
16808,train,0
1281,train,0
6556,train,0
1152,train,0
14653,train,0
12669,train,0
15935,train,0
2586,train,0
4697,train,0
16104,train,0
9832,train,0
474,train,0
12716,train,0
14455,train,0
1371,train,0
4684,train,0
12690,train,0
13436,train,0
7542,train,0
7964,train,0
7349,train,0
16276,train,0
13450,train,0
4388,train,0
17142,train,0
12404,train,0
17106,train,0
1951,train,0
15153,train,0
4667,train,1
9556,train,0
2484,train,0
15362,train,0
12494,train,0
9370,train,0
6827,train,0
11197,train,0
6404,train,0
12850,train,0
4539,train,0
12641,train,0
11834,train,0
18891,train,0
18298,train,0
13892,train,0
16151,train,0
15740,train,0
15110,train,0
6863,train,0
135,train,0
4640,train,0
14816,train,0
453,train,0
14305,train,0
17492,train,0
6279,train,0
7899,train,0
3899,train,0
8286,train,0
4893,train,0
11463,train,0
11717,train,0
11841,train,0
7189,train,0
11705,train,0
1635,train,0
8734,train,0
17610,train,0
12446,train,0
17554,train,0
7333,train,0
18034,train,0
8712,train,0
364,train,0
4789,train,0
7648,train,0
19941,train,0
6741,train,0
15133,train,0
19026,train,0
8756,train,0
10553,train,0
16701,train,0
10428,train,0
4782,train,0
3032,train,0
8932,train,0
759,train,0
9436,train,0
3808,train,0
11780,train,0
14700,train,0
16093,train,0
17529,train,0
11225,train,0
6805,train,0
18493,train,0
14957,train,0
7868,train,0
7335,train,0
19372,train,0
15762,train,0
8796,train,0
7348,train,0
14282,train,0
5204,train,0
2327,train,0
368,train,0
15764,train,0
19927,train,0
15574,train,0
10088,train,0
12445,train,0
13844,train,0
233,train,0
2821,train,0
1312,train,0
19610,train,0
10326,train,0
12762,train,0
5573,train,0
7034,train,0
11539,train,0
6351,train,0
5051,train,0
10709,train,0
15553,train,0
9452,train,0
8365,train,0
4694,train,1
2993,train,0
8279,train,0
15348,train,0
18344,train,0
2271,train,0
2664,train,0
7122,train,0
1150,train,0
7920,train,0
17583,train,0
5892,train,0
19134,train,0
12479,train,0
18901,train,0
11236,train,0
7029,train,1
10922,train,0
3067,train,0
1004,train,0
6865,train,0
15151,train,0
4891,train,0
12317,train,0
15270,train,0
1946,train,0
4385,train,0
7037,train,0
1368,train,0
5942,train,0
18680,train,0
16080,train,0
10865,train,0
9461,train,0
2720,train,0
11976,train,0
10352,train,0
4752,train,0
15491,train,0
6694,train,0
6423,train,0
12622,train,0
18910,train,0
10697,train,0
1064,train,0
12885,train,0
16800,train,0
18155,train,0
16142,train,0
9440,train,0
13638,train,0
11413,train,0
10133,train,0
7531,train,0
10006,train,0
10661,train,0
19229,train,0
16573,train,0
8503,train,0
1641,train,0
8028,train,0
1210,train,0
4985,train,0
17042,train,0
19696,train,0
648,train,0
2171,train,0
7605,train,0
18195,train,0
10240,train,0
1693,train,0
12557,train,0
7871,train,0
17625,train,0
15146,train,0
8643,train,0
421,train,0
14114,train,0
19894,train,0
3468,train,0
2847,train,0
19453,train,0
2653,train,0
5471,train,0
17235,train,0
19049,train,0
9004,train,0
15848,train,0
6700,train,0
13851,train,0
12113,train,0
9183,train,0
5902,train,0
12097,train,0
14560,train,0
14625,train,0
3845,train,0
6082,train,0
5809,train,0
18042,train,0
18966,train,0
11360,train,0
8978,train,0
11792,train,0
2112,train,0
9677,train,0
19646,train,0
16684,train,0
2120,train,0
6167,train,0
17534,train,0
13783,train,0
16668,train,0
14721,train,0
6688,train,0
15592,train,0
3534,train,0
16456,train,0
14383,train,0
13627,train,0
6616,train,0
6121,train,0
18894,train,0
4973,train,0
16835,train,0
11056,train,0
18941,train,0
8344,train,0
12325,train,0
13699,train,0
17402,train,0
8727,train,0
1817,train,0
17315,train,0
19450,train,0
14832,train,0
7115,train,0
13307,train,0
14623,train,0
18123,train,0
10165,train,0
14588,train,0
6787,train,0
18212,train,0
18639,train,0
5866,train,0
17446,train,0
4641,train,0
13363,train,0
18172,train,0
8297,train,0
17985,train,0
3391,train,0
16215,train,0
10596,train,0
5498,train,0
16734,train,0
462,train,0
12442,train,0
815,train,0
1347,train,0
5254,train,0
4708,train,0
1163,train,0
17066,train,0
3787,train,0
18276,train,0
19577,train,0
4418,train,0
8505,train,0
13223,train,0
6259,train,0
15888,train,0
15946,train,0
13743,train,0
15037,train,0
16855,train,0
7936,train,0
9181,train,0
12216,train,0
845,train,0
19460,train,0
3795,train,0
7532,train,0
5674,train,0
6502,train,0
10486,train,0
17798,train,0
6885,train,0
16220,train,0
6894,train,0
10357,train,0
6932,train,0
5766,train,0
6959,train,0
18740,train,0
12790,train,0
16075,train,0
509,train,0
13438,train,0
15890,train,0
4814,train,0
4757,train,0
16430,train,0
18777,train,0
3898,train,0
7729,train,0
13653,train,0
13750,train,0
5004,train,0
1023,train,0
7113,train,0
2346,train,0
12140,train,0
10024,train,0
13535,train,0
3721,train,0
8751,train,0
1729,train,0
12719,train,0
2630,train,0
10260,train,0
8940,train,0
3025,train,0
4332,train,0
12518,train,0
15910,train,0
19163,train,0
15025,train,0
18364,train,0
9166,train,0
6474,train,0
13199,train,0
1571,train,0
2117,train,0
13374,train,0
16747,train,0
17952,train,0
15244,train,0
436,train,0
10325,train,0
4468,train,0
8693,train,0
17678,train,0
608,train,0
10909,train,0
4466,train,0
2224,train,0
6852,train,0
4436,train,0
4598,train,0
1563,train,0
187,train,0
11495,train,0
5075,train,0
15541,train,0
8329,train,0
8811,train,0
18666,train,0
10502,train,0
13863,train,0
16176,train,0
15496,train,0
6393,train,0
14049,train,0
4238,train,0
5089,train,0
13317,train,0
19992,train,0
9508,train,0
16130,train,0
4813,train,0
18624,train,0
13116,train,0
9178,train,0
3576,train,0
11021,train,0
8385,train,0
7178,train,0
11202,train,0
803,train,0
693,train,0
4631,train,0
8454,train,0
19161,train,0
5473,train,0
10761,train,0
12423,train,0
5732,train,0
280,train,0
10144,train,0
3220,train,0
19407,train,0
290,train,0
5712,train,0
1918,train,0
7931,train,0
18128,train,0
12736,train,0
10970,train,0
16620,train,0
16171,train,0
9918,train,0
12157,train,0
579,train,0
18866,train,0
11682,train,0
8212,train,0
44,train,0
14177,train,0
14989,train,0
4018,train,0
7303,train,0
3496,train,0
4908,train,0
9590,train,0
18986,train,0
15358,train,0
13680,train,0
7760,train,0
4778,train,0
2822,train,0
11470,train,0
15529,train,0
9042,train,0
168,train,0
4508,train,0
15722,train,0
18558,train,0
5893,train,0
15010,train,0
16763,train,0
10503,train,0
12816,train,0
8917,train,0
15918,train,0
17256,train,0
6628,train,0
2405,train,0
13668,train,0
7651,train,0
12029,train,0
4702,train,0
6520,train,0
11738,train,0
15794,train,0
5880,train,0
18843,train,0
9393,train,0
6043,train,0
3190,train,0
16995,train,0
140,train,0
11385,train,0
5680,train,0
12706,train,0
4469,train,0
13089,train,0
10340,train,0
14377,train,0
18452,train,0
6507,train,0
4274,train,0
13878,train,0
5774,train,0
1267,train,0
12648,train,0
97,train,0
15637,train,0
6710,train,0
14381,train,0
17612,train,0
13150,train,0
10682,train,0
10972,train,0
16816,train,0
7147,train,0
8866,train,0
8193,train,0
11991,train,0
5384,train,0
14879,train,0
6285,train,0
19800,train,0
8231,train,0
1247,train,0
7924,train,0
5963,train,0
10581,train,0
614,train,0
19947,train,0
2164,train,0
1119,train,0
16349,train,0
17250,train,0
19472,train,0
15775,train,0
16728,train,0
15209,train,0
12567,train,0
7426,train,0
16082,train,0
18206,train,0
13226,train,0
17343,train,0
929,train,0
8226,train,0
4874,train,0
2094,train,0
8687,train,0
18305,train,0
17578,train,0
17686,train,0
19497,train,0
15518,train,0
4613,train,0
1407,train,0
11703,train,0
1427,train,0
16717,train,0
8118,train,0
6486,train,0
15641,train,0
10065,train,0
5168,train,0
6113,train,0
756,train,0
1109,train,0
13757,train,0
10870,train,0
19535,train,0
8207,train,0
13831,train,0
11613,train,0
18362,train,0
7639,train,0
1432,train,0
7799,train,0
8195,train,0
19446,train,0
12786,train,0
11412,train,0
9580,train,0
6919,train,0
6516,train,0
11249,train,0
3593,train,0
19785,train,0
12496,train,0
13649,train,0
11939,train,0
13681,train,0
9019,train,0
11119,train,0
19565,train,0
6205,train,0
7800,train,0
18301,train,0
5908,train,0
5876,train,0
2693,train,0
1756,train,0
15272,train,0
16930,train,0
6144,train,0
1286,train,0
7104,train,0
8612,train,0
13181,train,0
7214,train,0
15380,train,0
4428,train,0
6053,train,0
7289,train,0
16472,train,0
7627,train,0
9091,train,0
14863,train,0
1344,train,0
18402,train,0
12127,train,0
4735,train,0
1524,train,0
14461,train,0
9597,train,0
18461,train,0
3572,train,0
8808,train,0
2992,train,0
12815,train,0
2839,train,0
9365,train,0
7527,train,0
19148,train,0
13340,train,0
19158,train,0
1670,train,0
8653,train,0
15747,train,0
13073,train,0
19355,train,0
18667,train,0
18526,train,0
11583,train,0
5862,train,0
13736,train,0
19281,train,0
17855,train,0
15124,train,0
8740,train,0
6762,train,0
9758,train,0
895,train,0
15095,train,0
12315,train,0
18484,train,0
1240,train,0
14644,train,0
13172,train,0
1386,train,0
8073,train,0
4711,train,0
2850,train,0
17665,train,0
17362,train,0
8082,train,0
4962,train,0
7052,train,0
17286,train,0
18431,train,0
16769,train,0
7057,train,0
11297,train,0
266,train,0
12257,train,0
596,train,0
10613,train,0
4167,train,0
15833,train,0
8360,train,0
18939,train,0
10723,train,0
4372,train,0
15797,train,0
7816,train,0
17719,train,0
10942,train,0
15298,train,0
10631,train,0
13290,train,0
4766,train,0
11667,train,0
15329,train,0
19563,train,0
3035,train,0
6181,train,0
19568,train,0
416,train,0
15973,train,0
2579,train,0
19488,train,0
17462,train,0
9129,train,0
12835,train,0
10801,train,0
8962,train,0
1799,train,0
5378,train,0
17936,train,0
2738,train,0
2076,train,0
14662,train,0
796,train,0
4794,train,0
5735,train,0
18982,train,0
10584,train,0
467,train,0
237,train,0
16820,train,0
14637,train,0
19944,train,0
14664,train,0
16580,train,0
10329,train,0
14698,train,0
6284,train,0
17741,train,0
12165,train,0
9499,train,0
922,train,0
10664,train,0
7907,train,0
14137,train,0
13994,train,0
5347,train,0
3907,train,0
13448,train,0
17292,train,0
19674,train,0
16636,train,0
12569,train,0
2463,train,0
7035,train,0
15254,train,0
2369,train,0
651,train,0
17186,train,0
13748,train,0
7792,train,0
18873,train,0
9110,train,0
1740,train,0
2815,train,0
4294,train,0
2548,train,0
2536,train,0
2832,train,0
16451,train,0
15990,train,0
17301,train,0
17655,train,0
11588,train,0
3049,train,0
6156,train,0
19974,train,0
1749,train,0
12359,train,0
8490,train,0
15006,train,0
19181,train,0
1197,train,0
12231,train,0
444,train,0
17515,train,0
2840,train,0
14443,train,0
5464,train,0
9649,train,0
13329,train,0
9900,train,0
10666,train,0
12375,train,0
3213,train,0
16804,train,0
3839,train,0
14559,train,0
6214,train,0
10031,train,0
7789,train,0
19016,train,0
11246,train,0
16669,train,0
7884,train,0
2290,train,0
13155,train,0
5405,train,0
7465,train,0
7199,train,0
6811,train,0
14098,train,0
2717,train,0
19109,train,0
3917,train,0
11027,train,0
2152,train,0
18640,train,0
6504,train,0
16112,train,0
17716,train,0
8302,train,0
16612,train,0
673,train,0
11307,train,0
3723,train,0
13034,train,0
632,train,0
14803,train,0
16564,train,0
17233,train,0
1810,train,0
15836,train,0
10327,train,0
1954,train,0
16604,train,0
6036,train,0
19753,train,0
18323,train,0
10890,train,0
1213,train,0
178,train,0
19526,train,0
6037,train,0
17413,train,0
13976,train,0
9477,train,0
378,train,0
13536,train,0
5615,train,0
1441,train,0
5754,train,0
19436,train,0
4902,train,0
16635,train,0
10978,train,0
13391,train,0
5879,train,0
5438,train,0
4467,train,0
19597,train,0
5623,train,0
2339,train,0
10283,train,0
17997,train,0
4164,train,0
16320,train,0
9411,train,0
14899,train,0
6672,train,0
1600,train,0
6033,train,0
16325,train,0
12823,train,0
17224,train,0
19313,train,0
8591,train,0
9942,train,0
14927,train,0
12722,train,0
1594,train,0
18168,train,0
9826,train,0
16967,train,0
18869,train,0
2228,train,0
5220,train,0
5301,train,0
16746,train,0
16888,train,0
18191,train,0
10272,train,0
7595,train,0
12161,train,0
4521,train,0
4576,train,0
19344,train,0
1995,train,0
3089,train,0
15603,train,0
7263,train,0
5489,train,0
19911,train,0
11442,train,0
2884,train,0
5226,train,0
18016,train,0
3624,train,0
18591,train,0
14336,train,0
19574,train,0
12322,train,0
636,train,0
14973,train,0
18023,train,0
15366,train,0
17000,train,0
18466,train,0
18922,train,0
8316,train,0
11403,train,0
16036,train,0
2877,train,0
2799,train,0
15405,train,0
691,train,0
16288,train,0
10746,train,0
604,train,0
3953,train,0
2542,train,0
2288,train,0
4618,train,0
6317,train,0
6793,train,0
9191,train,0
17266,train,0
4634,train,0
3626,train,0
548,train,0
13188,train,0
17236,train,0
17775,train,0
7111,train,0
5982,train,0
10440,train,0
910,train,0
16909,train,0
1887,train,0
8543,train,0
7293,train,0
10258,train,0
5069,train,0
10905,train,0
14848,train,0
11622,train,0
17725,train,0
13195,train,0
16879,train,0
6583,train,1
10395,train,1
12704,train,0
13669,train,0
7778,train,0
7559,train,0
14467,train,0
15863,train,0
1144,train,0
2984,train,0
17961,train,0
17758,train,0
2028,train,0
12392,train,0
5213,train,0
17555,train,0
2812,train,0
4688,train,0
15649,train,0
17396,train,0
3208,train,0
7409,train,0
9446,train,0
1869,train,1
1151,train,0
10964,train,0
15382,train,0
4528,train,0
2071,train,0
9779,train,0
8144,train,0
17012,train,0
5569,train,0
16287,train,0
8859,train,0
10376,train,0
14317,train,0
116,train,0
19110,train,0
10558,train,0
3973,train,0
18523,train,0
2774,train,0
10142,train,0
12253,train,0
10157,train,0
16844,train,0
7004,train,0
8894,train,0
19656,train,0
14709,train,0
13060,train,0
10720,train,0
2445,train,0
10152,train,0
5631,train,0
13180,train,0
17934,train,0
3794,train,0
4863,train,0
5547,train,0
5286,train,0
16809,train,0
14628,train,0
17585,train,0
6049,train,0
18665,train,0
19492,train,0
17496,train,0
7301,train,0
3850,train,0
8363,train,0
4661,train,0
4219,train,0
1124,train,0
15190,train,0
6686,train,0
4371,train,0
563,train,0
5773,train,0
5760,train,0
4876,train,0
4027,train,0
6070,train,0
2047,train,0
6097,train,0
14622,train,0
8425,train,0
2491,train,0
5246,train,0
18763,train,0
4540,train,0
17974,train,0
4670,train,0
16206,train,0
1214,train,0
18394,train,0
10949,train,0
14062,train,0
10568,train,0
9007,train,0
2718,train,0
19139,train,0
9015,train,0
13742,train,0
908,train,0
1400,train,0
9192,train,0
16743,train,0
17280,train,0
10821,train,0
16905,train,0
5390,train,0
10860,train,0
4471,train,0
18883,train,0
9990,train,0
16807,train,0
12851,train,0
7195,train,0
4758,train,0
1379,train,0
16392,train,0
1784,train,0
6939,train,0
2595,train,0
6464,train,0
7644,train,0
16089,train,0
8048,train,0
4452,train,0
13492,train,0
2936,train,0
5559,train,1
8287,train,0
3686,train,0
487,train,0
5961,train,0
11251,train,0
4562,train,0
7635,train,0
7089,train,0
9398,train,0
6359,train,0
12443,train,0
11730,train,0
16815,train,0
10695,train,0
1455,train,0
14369,train,0
4230,train,0
15992,train,0
19501,train,0
11025,train,0
6172,train,0
15689,train,0
5385,train,0
10643,train,0
19515,train,0
13009,train,0
3107,train,0
6957,train,0
2050,train,0
5525,train,0
4187,train,0
6293,train,0
16603,train,0
12091,train,0
4012,train,0
17631,train,0
2908,train,0
8247,train,0
19301,train,0
696,train,0
18275,train,0
15034,train,0
4236,train,0
7186,train,0
5711,train,0
12572,train,0
9847,train,0
198,train,0
672,train,0
19962,train,0
13542,train,0
1879,train,0
12914,train,0
12289,train,0
14565,train,0
3360,train,0
6730,train,0
10219,train,1
17465,train,0
6560,train,0
19912,train,0
5454,train,0
11465,train,0
8283,train,0
11959,train,0
11942,train,0
16091,train,0
2963,train,0
1229,train,0
13214,train,0
14488,train,0
396,train,0
11370,train,0
10147,train,0
3530,train,0
19718,train,0
764,train,0
12238,train,0
2413,train,0
69,train,0
4049,train,0
15731,train,0
12027,train,0
3172,train,0
1005,train,0
139,train,0
12206,train,0
4101,train,0
6101,train,0
4561,train,0
18729,train,0
4272,train,0
10071,train,0
8311,train,0
8101,train,0
9841,train,0
15826,train,0
2626,train,0
11347,train,0
1974,train,0
11614,train,0
7331,train,0
879,train,0
15313,train,0
11168,train,0
12875,train,0
8112,train,0
10541,train,0
1547,train,0
19287,train,0
17802,train,0
15767,train,0
4575,train,0
13472,train,0
4071,train,0
6168,train,0
2154,train,0
3399,train,0
9286,train,0
5609,train,0
4604,train,0
13995,train,0
6106,train,0
18052,train,0
19914,train,0
10919,train,0
14182,train,0
977,train,0
4565,train,0
1388,train,0
13618,train,0
1798,train,0
17071,train,0
16900,train,0
8317,train,0
9128,train,0
10536,train,0
424,train,0
19249,train,0
10374,train,0
12515,train,0
628,train,0
12590,train,0
7646,train,0
9732,train,0
779,train,0
14056,train,0
3569,train,0
7211,train,0
2316,train,0
3820,train,0
1987,train,0
4796,train,0
4051,train,0
11916,train,0
11990,train,0
17498,train,0
17908,train,0
10885,train,0
19235,train,0
13255,train,0
16427,train,0
5085,train,0
13504,train,0
10776,train,0
8821,train,0
4811,train,0
15468,train,0
19048,train,0
2483,train,0
5208,train,0
1034,train,0
15185,train,0
13314,train,0
16695,train,0
2217,train,0
2773,train,0
2655,train,0
758,train,0
16257,train,0
482,train,0
10691,train,0
10797,train,0
1564,train,0
9082,train,0
10274,train,0
12576,train,0
14767,train,0
9728,train,0
19692,train,0
17927,train,0
17845,train,0
18716,train,0
3106,train,0
17544,train,0
5795,train,0
13279,train,0
11001,train,0
16919,train,0
7085,train,0
8189,train,0
8971,train,0
17602,train,0
13384,train,0
39,train,0
840,train,0
5407,train,0
5579,train,0
7517,train,0
15130,train,0
5008,train,0
16716,train,0
10248,train,0
8874,train,0
7834,train,0
18642,train,0
16363,train,0
12541,train,0
9,train,0
13643,train,0
1057,train,0
17705,train,0
13322,train,0
277,train,0
7368,train,0
1328,train,0
14781,train,0
3763,train,0
5132,train,0
8676,train,0
19255,train,0
13278,train,0
3857,train,0
11609,train,0
14940,train,0
17283,train,0
4303,train,0
18711,train,0
19688,train,0
13908,train,0
5642,train,0
11537,train,0
12242,train,0
7280,train,0
6469,train,0
19999,train,0
15609,train,0
12018,train,0
5496,train,0
11948,train,0
5871,train,0
11101,train,0
4440,train,1
9112,train,0
12483,train,0
7242,train,0
4921,train,0
19821,train,0
3381,train,0
2139,train,0
17782,train,0
9037,train,0
12984,train,0
17582,train,0
8133,train,0
73,train,0
10928,train,0
6525,train,0
13564,train,0
17542,train,0
14773,train,0
11556,train,0
1234,train,0
12862,train,0
2031,train,0
17647,train,0
13602,train,0
5494,train,0
11892,train,0
5040,train,0
7375,train,0
15430,train,0
4724,train,0
15053,train,0
8298,train,0
7969,train,0
15129,train,0
2492,train,0
10525,train,0
19412,train,0
2924,train,0
2498,train,0
2697,train,0
6821,train,0
19348,train,0
4816,train,0
15297,train,0
2234,train,0
9171,train,0
132,train,0
18528,train,0
16368,train,0
18774,train,0
3479,train,0
18956,train,0
11343,train,0
14135,train,0
12438,train,0
16557,train,0
12676,train,0
17975,train,0
13443,train,0
1422,train,0
11093,train,0
11124,train,0
2550,train,0
16415,train,0
13697,train,0
8062,train,0
15431,train,0
15063,train,0
16304,train,0
597,train,0
17223,train,0
8748,train,0
1358,train,0
11103,train,0
697,train,0
12539,train,0
13527,train,0
13165,train,0
17621,train,0
11930,train,0
16584,train,0
9256,train,0
457,train,0
14033,train,0
12056,train,0
263,train,0
7042,train,0
16972,train,0
12696,train,0
9997,train,0
2956,train,0
18073,train,0
16207,train,0
7886,train,0
6085,train,0
13534,train,0
10826,train,0
12934,train,0
10458,train,0
4445,train,0
3073,train,0
6901,train,0
17876,train,0
17220,train,0
8665,train,0
17929,train,0
18467,train,0
8010,train,0
2723,train,0
2450,train,0
11504,train,0
3470,train,0
15825,train,0
10342,train,0
14787,train,0
5423,train,0
15728,train,0
4489,train,0
16317,train,0
2086,train,0
5628,train,0
4052,train,0
13014,train,0
1608,train,0
13889,train,0
4744,train,0
13894,train,0
11461,train,0
19595,train,0
15433,train,0
5321,train,0
8145,train,0
16134,train,0
10856,train,0
16087,train,0
5929,train,0
4755,train,0
17111,train,0
16135,train,0
19605,train,0
15789,train,0
3093,train,0
3199,train,0
13852,train,0
12714,train,0
16538,train,0
5894,train,0
437,train,0
17288,train,0
11139,train,0
18587,train,0
8531,train,0
4404,train,0
4861,train,0
14047,train,0
15874,train,0
4145,train,0
4544,train,0
9005,train,0
582,train,0
3100,train,0
1506,train,0
6274,train,0
18343,train,0
5215,train,0
14457,train,0
6360,train,0
16244,train,0
13242,train,0
1589,train,0
5599,train,0
723,train,0
14677,train,0
1643,train,0
5565,train,0
11639,train,0
7794,train,0
8777,train,0
806,train,0
4226,train,0
17750,train,0
19628,train,0
14070,train,0
1412,train,0
17182,train,0
16758,train,0
12386,train,0
11098,train,0
17008,train,0
6503,train,0
1676,train,0
14994,train,0
5861,train,0
8290,train,0
18746,train,0
12182,train,0
7255,train,0
9238,train,0
19007,train,0
1864,train,0
17213,train,0
9913,train,0
11338,train,0
8117,train,0
14814,train,0
12425,train,0
118,train,0
15663,train,0
13103,train,0
8575,train,0
5655,train,0
12188,train,0
19028,train,0
19242,train,0
15106,train,0
8509,train,0
13973,train,0
19055,train,0
5381,train,0
19017,train,0
4278,train,0
17276,train,0
7266,train,0
12427,train,0
13756,train,0
18354,train,0
16570,train,0
3941,train,0
17214,train,0
13573,train,0
13891,train,0
7743,train,0
17429,train,0
3842,train,0
17729,train,0
3648,train,0
18373,train,0
17081,train,0
3259,train,0
8656,train,0
15702,train,0
4413,train,0
858,train,0
12256,train,0
15964,train,0
8277,train,0
15460,train,0
13856,train,0
12297,train,0
17400,train,0
12891,train,0
19426,train,0
14686,train,0
4687,train,0
19178,train,0
12464,train,0
1222,train,0
16306,train,0
717,train,0
15622,train,0
459,train,0
11532,train,0
13081,train,0
9211,train,0
234,train,0
5598,train,0
15502,train,0
8836,train,0
10058,train,0
14054,train,0
3754,train,0
9406,train,0
10370,train,0
8767,train,0
349,train,0
5734,train,0
16005,train,0
1164,train,0
3641,train,0
4990,train,0
17981,train,0
6095,train,0
19768,train,0
12497,train,0
7431,train,0
4713,train,0
16951,train,0
17840,train,0
3508,train,0
899,train,0
12651,train,0
6086,train,0
828,train,0
7572,train,0
13079,train,0
19871,train,0
6196,train,0
5733,train,0
13702,train,0
2039,train,0
9322,train,0
863,train,0
4599,train,0
17598,train,0
11088,train,0
11586,train,0
16006,train,0
5518,train,0
18938,train,0
6397,train,0
3770,train,0
18536,train,0
6983,train,0
16552,train,0
16935,train,0
14612,train,0
17125,train,0
1354,train,0
9889,train,0
15598,train,0
14304,train,0
14630,train,0
14211,train,0
11797,train,0
10744,train,0
5577,train,0
5979,train,0
3131,train,0
10468,train,0
10733,train,0
5956,train,0
12957,train,0
6965,train,0
15500,train,0
9400,train,0
17563,train,0
17797,train,0
11882,train,0
5524,train,0
8350,train,0
11992,train,0
19165,train,0
11757,train,0
11289,train,0
18077,train,0
10750,train,0
12854,train,0
1656,train,0
15461,train,0
10386,train,0
12777,train,0
11513,train,0
1178,train,0
18953,train,0
4907,train,0
10420,train,0
18999,train,0
14493,train,0
5048,train,0
16866,train,0
2030,train,0
18028,train,0
13687,train,0
19683,train,0
5333,train,0
17109,train,0
10537,train,0
16520,train,0
2791,train,0
10779,train,0
19431,train,0
15490,train,0
7951,train,0
7079,train,0
17816,train,0
13251,train,0
9874,train,0
15015,train,0
7614,train,0
7474,train,0
7387,train,0
2343,train,0
4393,train,0
14286,train,0
6933,train,0
4381,train,0
42,train,0
3228,train,0
13771,train,0
4409,train,0
6462,train,0
18731,train,0
14603,train,0
13524,train,0
19073,train,0
13538,train,0
10962,train,0
6305,train,0
7329,train,0
13965,train,0
18447,train,0
10324,train,0
16343,train,0
9923,train,0
15753,train,0
12128,train,0
8071,train,0
2692,train,0
13986,train,0
7472,train,0
8384,train,0
4414,train,0
9882,train,0
19622,train,0
3060,train,1
2390,train,0
12011,train,0
4137,train,0
18851,train,0
8460,train,0
9168,train,0
9930,train,0
8813,train,0
19269,train,0
9371,train,0
19387,train,0
11683,train,0
12561,train,0
5418,train,0
19751,train,0
13619,train,0
1642,train,0
12644,train,0
1964,train,0
8391,train,0
1122,train,0
15628,train,0
9734,train,0
3553,train,0
19774,train,0
9611,train,0
19062,train,0
8188,train,0
8164,train,0
14872,train,0
7125,train,0
16454,train,0
17537,train,0
17184,train,0
19625,train,0
6002,train,0
13004,train,0
12434,train,0
18350,train,0
9105,train,0
9240,train,0
3735,train,0
5890,train,0
19400,train,0
19224,train,0
15193,train,0
17722,train,0
9803,train,0
17208,train,0
9479,train,0
6897,train,1
10460,train,0
6171,train,0
3952,train,0
11327,train,0
19151,train,0
3587,train,0
1863,train,0
11014,train,0
17188,train,0
2930,train,0
18283,train,0
8841,train,0
6125,train,0
1839,train,0
13145,train,0
4352,train,0
6917,train,0
18355,train,0
15269,train,0
16222,train,0
1070,train,0
18968,train,0
9409,train,0
2448,train,0
8546,train,0
3210,train,0
14215,train,0
5943,train,0
2743,train,0
1205,train,0
114,train,0
17456,train,0
8761,train,0
15709,train,0
14490,train,0
7997,train,0
12519,train,0
1664,train,0
15756,train,0
14393,train,0
2863,train,0
10648,train,0
7836,train,0
7105,train,0
17001,train,0
7533,train,0
19308,train,0
2521,train,0
10196,train,0
16915,train,0
16337,train,0
5768,train,0
15813,train,0
3874,train,0
16785,train,0
17202,train,0
12531,train,0
770,train,0
14269,train,0
12937,train,0
12214,train,1
9765,train,0
19803,train,0
6003,train,0
16667,train,0
14833,train,0
8355,train,0
12249,train,0
15882,train,0
18860,train,0
3159,train,0
8201,train,0
18687,train,0
17535,train,0
18829,train,0
15734,train,0
14011,train,0
8136,train,0
9807,train,0
1285,train,0
5667,train,0
11415,train,0
15696,train,0
2621,train,0
15959,train,0
6705,train,0
825,train,0
15805,train,0
4600,train,0
18020,train,0
12217,train,0
14605,train,0
9781,train,0
940,train,0
11585,train,0
8692,train,0
9223,train,0
5283,train,0
13296,train,0
15655,train,0
2841,train,0
6544,train,0
18861,train,0
8168,train,0
18907,train,0
7738,train,0
16021,train,0
1040,train,0
2961,train,0
4382,train,0
315,train,0
9150,train,0
13589,train,0
7628,train,0
2805,train,0
14638,train,0
1204,train,0
13739,train,0
15192,train,0
8984,train,0
7722,train,0
4235,train,0
14477,train,0
16007,train,0
10852,train,0
9714,train,0
3023,train,0
4783,train,0
8191,train,0
8485,train,0
14435,train,0
17216,train,0
2858,train,0
3057,train,0
13545,train,0
2383,train,0
5816,train,0
8263,train,0
1172,train,0
4009,train,0
11616,train,0
1899,train,0
14489,train,0
325,train,0
9482,train,0
15966,train,0
13437,train,0
6655,train,0
3041,train,0
18946,train,0
5030,train,0
2097,train,0
3014,train,0
15042,train,0
15205,train,0
11567,train,0
4324,train,0
13204,train,0
12735,train,0
17112,train,0
934,train,0
15385,train,0
11355,train,0
12223,train,0
650,train,0
9620,train,0
1690,train,0
18253,train,0
7083,train,0
8413,train,0
3435,train,0
9024,train,0
8603,train,0
1917,train,0
1494,train,0
1624,train,0
19968,train,0
11379,train,0
15967,train,0
17405,train,0
17317,train,0
4731,train,0
7250,train,0
13691,train,0
4193,train,0
11315,train,0
4199,train,0
7378,train,0
3590,train,0
13182,train,0
16405,train,0
16655,train,0
4387,train,0
8842,train,0
13682,train,0
11833,train,0
12671,train,0
14426,train,0
19050,train,0
14053,train,0
14332,train,0
19315,train,0
18693,train,0
11032,train,0
4998,train,0
17805,train,0
16105,train,0
7638,train,0
3833,train,0
3698,train,0
4437,train,0
17926,train,0
5349,train,0
2248,train,0
7944,train,0
10166,train,0
4605,train,0
5855,train,0
15957,train,0
5807,train,0
2157,train,0
2255,train,0
7379,train,0
18092,train,0
14485,train,0
11846,train,0
8743,train,0
1846,train,0
6365,train,0
10927,train,0
19826,train,0
15347,train,0
12301,train,0
2195,train,0
16201,train,0
16904,train,0
15387,train,0
17427,train,0
8440,train,0
10585,train,0
2775,train,0
12533,train,0
18714,train,0
19652,train,0
19040,train,0
16369,train,0
1926,train,0
18960,train,0
1534,train,0
17338,train,0
9263,train,0
2212,train,0
1662,train,0
1746,train,0
16246,train,0
8474,train,0
7452,train,0
12680,train,0
8023,train,0
4777,train,0
14533,train,0
12038,train,0
64,train,0
625,train,0
9202,train,0
16479,train,0
2585,train,0
14356,train,0
15844,train,0
11612,train,0
6229,train,0
18598,train,0
14579,train,0
1977,train,0
19152,train,0
15451,train,0
7747,train,0
18125,train,0
8691,train,0
8200,train,0
19144,train,0
15137,train,0
8965,train,0
19948,train,0
15102,train,0
7359,train,0
18819,train,0
7095,train,0
7745,train,0
5053,train,0
9786,train,0
16741,train,0
8906,train,0
13080,train,0
9259,train,0
6005,train,0
6995,train,0
6938,train,0
5805,train,0
7894,train,0
14074,train,0
4405,train,0
8571,train,0
2907,train,0
2219,train,0
17735,train,0
1215,train,0
3326,train,0
16004,train,0
4678,train,0
11201,train,0
19013,train,0
8158,train,0
16914,train,0
19069,train,0
481,train,0
16488,train,0
12705,train,0
15679,train,0
7832,train,0
7229,train,0
3677,train,0
1878,train,0
5176,train,0
7965,train,0
12304,train,0
12318,train,0
18475,train,0
15995,train,0
1028,train,0
19118,train,0
1573,train,0
7998,train,0
10367,train,0
7674,train,0
10464,train,0
5128,train,0
124,train,0
926,train,0
19354,train,0
19693,train,0
830,train,0
6524,train,0
4541,train,0
18984,train,0
3418,train,0
19519,train,0
18773,train,0
1514,train,0
6363,train,0
14699,train,0
11695,train,0
1973,train,0
13457,train,0
18164,train,0
6208,train,0
14919,train,0
11836,train,0
10976,train,0
2497,train,0
3451,train,0
13070,train,0
18568,train,0
8921,train,0
8030,train,0
9335,train,0
3623,train,0
14239,train,0
15026,train,0
18380,train,0
14794,train,0
6785,train,0
1399,train,0
5170,train,0
13327,train,0
17628,train,0
19491,train,0
17230,train,0
12172,train,0
11203,train,0
1680,train,0
2357,train,0
10883,train,0
5200,train,0
11949,train,0
14296,train,0
1188,train,0
19917,train,0
16693,train,0
2637,train,0
17898,train,0
7022,train,0
11109,train,0
19633,train,0
16420,train,0
7417,train,0
8716,train,0
13006,train,0
5265,train,0
9667,train,0
9515,train,0
13811,train,0
16518,train,0
15514,train,0
11118,train,0
6770,train,0
15312,train,0
11462,train,0
16664,train,0
7653,train,0
3296,train,0
2638,train,0
16404,train,0
4201,train,0
11387,train,0
18899,train,0
6102,train,0
19153,train,0
16371,train,0
11301,train,0
10238,train,0
7217,train,0
11968,train,0
8698,train,0
3297,train,0
16308,train,0
8102,train,0
17560,train,0
12164,train,0
1322,train,0
8504,train,0
3122,train,0
5232,train,0
8498,train,0
3130,train,0
2333,train,0
3563,train,0
2494,train,0
12809,train,0
9495,train,0
95,train,0
12860,train,0
19245,train,0
8288,train,0
18044,train,0
18617,train,0
6426,train,0
748,train,0
2185,train,0
12754,train,0
326,train,0
16944,train,0
643,train,0
14319,train,0
16726,train,0
17568,train,0
19263,train,0
5629,train,0
10995,train,0
12555,train,0
2241,train,0
18892,train,0
12336,train,0
15050,train,0
5791,train,0
7905,train,0
9498,train,0
15248,train,0
13784,train,0
14277,train,0
7146,train,0
4025,train,0
13714,train,0
391,train,0
10055,train,0
3458,train,0
3730,train,0
13460,train,0
5124,train,1
8663,train,0
13926,train,0
17810,train,0
7523,train,0
9867,train,0
19758,train,0
11426,train,0
16672,train,0
17986,train,0
16753,train,0
10037,train,0
18954,train,0
7340,train,0
1384,train,0
6484,train,0
634,train,0
18175,train,0
16607,train,0
5644,train,0
2730,train,0
3123,train,0
96,train,0
3444,train,0
6204,train,0
14824,train,0
1855,train,0
1349,train,0
18230,train,0
5681,train,0
16013,train,0
19383,train,0
13928,train,0
7396,train,0
9563,train,0
11732,train,0
1802,train,0
5731,train,0
6227,train,0
18002,train,0
15525,train,0
16166,train,0
10841,train,0
1223,train,0
17851,train,0
17717,train,0
15445,train,0
19760,train,0
14189,train,0
3732,train,0
13039,train,0
15467,train,0
3818,train,0
10072,train,0
1586,train,0
18261,train,0
9608,train,0
4785,train,0
7314,train,0
15438,train,0
10783,train,0
3230,train,0
6493,train,0
1353,train,0
17057,train,0
3028,train,0
9380,train,0
12508,train,0
18881,train,0
18927,train,0
4506,train,0
5330,train,0
12085,train,0
19887,train,0
12980,train,0
12357,train,0
19933,train,0
10489,train,0
12139,train,0
18346,train,0
13738,train,0
1439,train,0
9428,train,0
12898,train,0
12995,train,0
10298,train,0
18689,train,0
13601,train,0
9737,train,0
16609,train,0
6018,train,0
12779,train,0
8248,train,0
9368,train,0
10256,train,0
9909,train,0
6970,train,0
7712,train,0
4960,train,0
1378,train,0
19352,train,0
2944,train,0
18904,train,0
6159,train,0
5307,train,0
6864,train,0
17004,train,0
778,train,0
18490,train,0
3790,train,0
17269,train,0
5090,train,0
7589,train,0
17363,train,0
13259,train,0
10526,train,0
17838,train,0
14084,train,0
5198,train,0
4259,train,0
17387,train,0
7075,train,0
10388,train,0
11600,train,0
3510,train,0
16863,train,0
9655,train,0
10543,train,0
3951,train,0
5196,train,0
10052,train,0
955,train,0
2084,train,0
9766,train,0
9283,train,0
4638,train,0
12236,train,0
896,train,0
5948,train,0
5166,train,0
7518,train,0
8601,train,0
17303,train,0
13054,train,0
231,train,0
15790,train,0
9080,train,0
6598,train,0
16438,train,0
9772,train,0
18616,train,0
11610,train,0
10495,train,0
13424,train,0
5612,train,0
1614,train,0
18085,train,0
9656,train,0
19241,train,0
16703,train,0
964,train,0
2711,train,0
10789,train,0
14926,train,0
8629,train,0
17504,train,0
12905,train,0
10915,train,0
3848,train,0
4938,train,0
18352,train,0
17902,train,0
12405,train,0
4055,train,0
3463,train,0
13212,train,0
19930,train,0
17800,train,0
493,train,0
13612,train,0
8012,train,0
14363,train,0
12414,train,0
3269,train,0
8374,train,0
12480,train,0
17576,train,0
12866,train,0
12917,train,0
18223,train,0
7165,train,0
2643,train,0
630,train,0
1403,train,0
9537,train,0
13599,train,0
1812,train,0
12060,train,0
13316,train,0
15091,train,0
19365,train,0
17384,train,0
59,train,0
10032,train,0
19236,train,0
15355,train,0
3863,train,0
9979,train,0
12610,train,0
9887,train,0
11035,train,0
9560,train,0
1437,train,0
19757,train,0
7238,train,0
17538,train,0
19276,train,0
8397,train,0
17522,train,0
8262,train,0
642,train,0
19323,train,0
4474,train,0
14799,train,0
18238,train,0
3400,train,0
9158,train,0
10169,train,0
11737,train,0
9048,train,0
11020,train,0
5804,train,0
16277,train,0
4176,train,0
16929,train,0
12360,train,0
6040,train,0
17403,train,0
7640,train,0
3352,train,0
82,train,0
184,train,0
5637,train,0
8872,train,0
6448,train,0
15289,train,0
2666,train,0
16615,train,0
7128,train,0
3607,train,0
16779,train,0
17752,train,0
14948,train,0
17984,train,0
19482,train,0
3437,train,0
9265,train,0
16083,train,0
6747,train,0
12155,train,0
3596,train,0
11312,train,0
17215,train,0
16086,train,0
7604,train,0
10765,train,0
16803,train,0
7423,train,0
1626,train,0
16263,train,0
2227,train,0
14668,train,0
10434,train,0
2983,train,0
9132,train,0
8139,train,0
5327,train,0
8050,train,0
18943,train,0
4512,train,0
6911,train,0
7133,train,0
8848,train,0
1298,train,0
730,train,0
14549,train,0
19740,train,0
5858,train,0
19367,train,0
10223,train,0
12422,train,0
7723,train,0
13304,train,0
10164,train,0
6683,train,0
13402,train,0
9017,train,0
16562,train,0
4492,train,0
10586,train,0
7955,train,0
18835,train,0
14087,train,0
16116,train,0
8909,train,0
18850,train,0
11015,train,0
8127,train,0
7181,train,0
259,train,0
4197,train,0
12903,train,0
12058,train,0
956,train,0
15522,train,0
6979,train,0
11709,train,0
4546,train,0
714,train,0
11858,train,0
11632,train,0
1157,train,0
19487,train,0
2398,train,0
19289,train,0
13466,train,0
3601,train,0
7284,train,0
12045,train,0
4728,train,0
10222,train,0
4369,train,0
4677,train,0
17311,train,0
13785,train,0
7077,train,0
63,train,0
17814,train,0
6816,train,0
6934,train,0
13410,train,0
13462,train,0
9562,train,0
9603,train,0
15333,train,0
9347,train,0
13755,train,0
9445,train,0
11232,train,0
5812,train,0
17511,train,0
15079,train,0
5156,train,0
8566,train,0
17760,train,0
17069,train,0
166,train,0
10979,train,0
15416,train,0
14008,train,0
8468,train,0
6350,train,0
14826,train,0
17703,train,0
9805,train,0
1226,train,0
12630,train,0
15064,train,0
8426,train,0
18613,train,0
1576,train,0
5236,train,0
18817,train,0
3006,train,0
7021,train,0
4368,train,0
686,train,0
15239,train,0
3737,train,0
15393,train,0
4992,train,0
4105,train,0
17167,train,0
5658,train,0
15324,train,0
6622,train,0
11864,train,0
15804,train,0
6318,train,0
6235,train,0
4884,train,0
6670,train,0
4186,train,0
3424,train,0
11986,train,0
3595,train,0
2700,train,0
2854,train,0
16114,train,0
7977,train,0
3216,train,0
4920,train,0
7842,train,0
4247,train,0
351,train,0
350,train,0
11700,train,0
7714,train,0
15154,train,0
13515,train,0
530,train,0
9875,train,0
4098,train,0
13916,train,0
15623,train,0
243,train,0
19141,train,0
4231,train,0
10335,train,0
12173,train,0
16361,train,0
19527,train,0
15318,train,0
1719,train,0
15220,train,0
13897,train,0
1089,train,0
19090,train,0
10948,train,0
8202,train,0
15823,train,0
4194,train,0
6407,train,0
14800,train,0
15140,train,0
9208,train,0
8570,train,0
1609,train,0
7048,train,0
18889,train,0
15299,train,0
136,train,0
18630,train,0
5,train,0
10523,train,0
12279,train,0
5475,train,0
3404,train,0
19408,train,0
14723,train,0
18755,train,0
8550,train,0
854,train,0
2816,train,0
15615,train,0
3620,train,0
7270,train,0
12691,train,0
14419,train,0
5999,train,0
7520,train,0
6997,train,0
6277,train,0
8259,train,0
13470,train,0
2771,train,0
7689,train,0
5994,train,1
4949,train,0
17204,train,0
12035,train,0
12377,train,0
18255,train,0
6698,train,0
2569,train,0
5738,train,0
11357,train,0
15,train,0
16090,train,0
2537,train,0
11901,train,0
2174,train,0
12202,train,0
6221,train,0
7258,train,0
9330,train,0
3896,train,0
1776,train,0
16858,train,0
6265,train,0
16594,train,0
9696,train,0
4897,train,0
13339,train,0
10952,train,0
3476,train,0
5222,train,0
18657,train,0
11227,train,0
17440,train,0
18246,train,0
9156,train,0
16599,train,0
90,train,0
12723,train,0
17891,train,0
4281,train,0
14780,train,0
15216,train,0
11605,train,0
13484,train,0
9718,train,0
919,train,0
5603,train,0
12656,train,0
16274,train,0
12592,train,0
15258,train,0
3494,train,0
1777,train,0
18221,train,0
18102,train,0
18701,train,0
12070,train,0
1877,train,0
11050,train,0
8832,train,0
5827,train,0
12014,train,0
53,train,0
212,train,0
8788,train,0
11794,train,0
641,train,0
10921,train,0
19303,train,0
8802,train,0
1216,train,0
3829,train,0
1705,train,0
16280,train,0
17314,train,0
13456,train,0
11726,train,0
19413,train,0
8115,train,0
5978,train,0
9026,train,0
9287,train,0
5465,train,0
16443,train,0
9114,train,0
16755,train,0
11364,train,0
2702,train,0
17369,train,0
14444,train,0
17414,train,0
4483,train,0
2486,train,0
2973,train,0
1613,train,0
6237,train,0
13168,train,0
16682,train,0
14675,train,0
2667,train,0
13397,train,0
19653,train,0
14274,train,0
16271,train,0
5169,train,0
10539,train,0
9623,train,0
4839,train,0
15672,train,0
11660,train,0
9868,train,0
18245,train,0
6449,train,0
6596,train,0
19729,train,0
5189,train,0
13962,train,0
16932,train,0
10130,train,0
186,train,0
16977,train,0
37,train,0
4153,train,0
19731,train,0
14918,train,0
19529,train,0
6414,train,0
15933,train,0
3224,train,0
9316,train,0
179,train,0
12293,train,0
18890,train,0
16965,train,0
8818,train,0
11449,train,0
13729,train,0
7591,train,0
998,train,0
4308,train,0
17946,train,0
14817,train,0
3414,train,0
16453,train,0
16211,train,0
8435,train,0
16614,train,0
85,train,0
6134,train,0
16865,train,0
12507,train,0
9551,train,0
15895,train,0
12068,train,0
8308,train,0
16722,train,0
19864,train,0
12040,train,0
6980,train,0
9928,train,0
12591,train,0
14473,train,0
18103,train,0
4118,train,0
2074,train,0
19984,train,0
4390,train,0
19131,train,0
14380,train,0
15926,train,0
706,train,0
5024,train,0
4976,train,0
7895,train,0
9143,train,0
15512,train,0
5991,train,0
9936,train,0
1558,train,0
13396,train,0
18482,train,0
19882,train,0
17656,train,0
4657,train,0
16535,train,0
7489,train,0
4665,train,0
9062,train,0
10501,train,0
16690,train,0
10064,train,0
3152,train,0
11430,train,0
7519,train,0
11728,train,0
14252,train,0
14996,train,0
1052,train,0
19725,train,0
13082,train,0
15180,train,0
5260,train,0
8502,train,0
13032,train,0
7624,train,0
13386,train,0
17032,train,0
18908,train,0
15212,train,0
16065,train,0
14793,train,0
7857,train,0
17811,train,0
12685,train,0
5450,train,0
13600,train,0
3174,train,0
527,train,0
19739,train,0
6510,train,0
13123,train,0
17639,train,0
2130,train,0
10143,train,0
4399,train,0
14197,train,0
10688,train,0
5292,train,0
4419,train,0
1356,train,0
4639,train,0
18112,train,0
15155,train,0
14385,train,0
12114,train,0
17070,train,0
1250,train,0
5671,train,0
2698,train,0
19106,train,0
521,train,0
12133,train,0
9618,train,0
12646,train,0
7896,train,0
12484,train,0
915,train,0
18593,train,0
19473,train,0
8951,train,0
1191,train,0
12527,train,0
4989,train,0
11110,train,0
15120,train,0
2865,train,0
4769,train,0
17319,train,0
9003,train,0
14494,train,0
11775,train,0
14892,train,0
4438,train,0
10580,train,0
9087,train,0
11625,train,0
13287,train,0
9027,train,0
18397,train,0
13344,train,0
16952,train,0
8791,train,0
3771,train,0
14264,train,0
2489,train,0
11855,train,0
7005,train,0
10236,train,0
2337,train,0
4928,train,0
9578,train,0
4866,train,0
16356,train,0
16407,train,0
9533,train,0
19203,train,0
11404,train,0
14124,train,0
4061,train,0
18810,train,0
11436,train,0
3832,train,0
2236,train,0
6330,train,0
13043,train,0
10293,train,0
16524,train,0
19483,train,0
19035,train,0
7234,train,0
1246,train,0
4175,train,0
11839,train,0
3485,train,0
2581,train,0
1912,train,0
17392,train,0
17158,train,0
7865,train,0
18389,train,0
13594,train,0
11029,train,0
12584,train,0
18166,train,0
13597,train,0
4314,train,0
10936,train,0
6240,train,0
4837,train,0
13993,train,0
6104,train,0
16744,train,0
13364,train,0
13083,train,0
11049,train,0
9231,train,0
17353,train,0
15940,train,0
4357,train,0
7306,train,0
9162,train,0
16208,train,0
8411,train,0
16183,train,0
6219,train,0
11861,train,0
3108,train,0
2776,train,0
6016,train,0
17646,train,0
5587,train,0
10154,train,0
1030,train,0
5250,train,0
497,train,0
8113,train,0
12490,train,0
18945,train,0
9513,train,0
13224,train,0
4159,train,0
4205,train,0
15646,train,0
10817,train,0
4188,train,0
10509,train,0
6921,train,0
11591,train,0
5119,train,0
17956,train,0
710,train,0
3985,train,0
13473,train,0
16588,train,0
7013,train,0
9272,train,0
13516,train,0
7342,train,0
12853,train,0
4204,train,0
17932,train,0
7425,train,0
564,train,0
12819,train,0
17231,train,0
5832,train,0
17658,train,0
13927,train,0
4244,train,0
16035,train,0
11623,train,0
16882,train,0
2305,train,0
10891,train,0
11899,train,0
10520,train,0
1767,train,0
17518,train,0
18814,train,0
8348,train,0
13495,train,0
823,train,0
16048,train,0
10425,train,0
12611,train,0
6791,train,0
5207,train,0
13918,train,0
1707,train,0
9023,train,0
16124,train,0
6593,train,0
7439,train,0
4142,train,0
18290,train,0
1703,train,0
16429,train,0
16622,train,0
4669,train,0
3796,train,0
12032,train,0
2843,train,0
17218,train,0
18387,train,0
13828,train,0
8097,train,0
18047,train,0
5281,train,0
12579,train,0
8406,train,0
11228,train,0
10099,train,0
2226,train,0
10823,train,0
12794,train,0
12142,train,0
9671,train,0
10048,train,0
5776,train,0
5716,train,0
6907,train,0
17854,train,0
14206,train,0
11545,train,0
11090,train,0
9893,train,0
18407,train,0
6345,train,0
3491,train,0
13936,train,0
11173,train,0
19555,train,0
7078,train,0
15875,train,0
119,train,0
3017,train,0
1867,train,0
4648,train,0
1796,train,0
365,train,0
10696,train,0
9985,train,0
12219,train,0
12057,train,0
2451,train,0
5932,train,0
5047,train,0
4582,train,0
8179,train,0
11981,train,0
10097,train,0
11993,train,0
8120,train,0
17494,train,0
12368,train,0
738,train,0
3910,train,0
17601,train,0
12482,train,0
19550,train,0
16285,train,0
6975,train,0
5528,train,0
8972,train,0
6220,train,0
8089,train,0
5810,train,0
7221,train,0
18138,train,0
12313,train,0
1502,train,0
15349,train,0
9754,train,0
3871,train,0
13854,train,0
14931,train,0
2503,train,0
1209,train,0
3019,train,0
2114,train,0
16192,train,0
8104,train,0
13097,train,0
11247,train,0
5041,train,0
2482,train,0
265,train,0
7366,train,0
16158,train,0
9974,train,0
2573,train,0
12071,train,0
7462,train,0
9911,train,0
17708,train,0
775,train,0
14249,train,0
16259,train,0
8022,train,0
156,train,0
6311,train,0
372,train,0
4659,train,0
1760,train,0
7769,train,0
3841,train,0
4454,train,0
19884,train,0
18079,train,0
16293,train,0
19252,train,0
13576,train,0
6935,train,0
6664,train,0
5206,train,0
15332,train,0
14193,train,0
7231,train,0
12939,train,0
3062,train,0
7603,train,0
19531,train,0
9418,train,0
17408,train,0
7139,train,0
9723,train,0
9363,train,0
16766,train,0
5687,train,0
13762,train,0
4589,train,0
1391,train,0
6529,train,0
16631,train,0
1364,train,0
15061,train,0
16698,train,0
18054,train,0
6661,train,0
5554,train,0
13640,train,0
15699,train,0
11562,train,0
10941,train,0
1002,train,0
10658,train,0
1097,train,0
10588,train,0
1193,train,0
14942,train,0
8752,train,0
11807,train,0
3977,train,0
15126,train,0
4630,train,0
8699,train,0
15454,train,0
15320,train,0
19848,train,0
8359,train,0
5945,train,0
5944,train,0
15793,train,0
8747,train,0
3241,train,0
9731,train,0
1495,train,0
6575,train,0
19238,train,0
17734,train,0
13665,train,0
10685,train,0
1698,train,0
12632,train,0
9151,train,0
15516,train,0
1143,train,0
4249,train,0
914,train,0
18913,train,0
1691,train,0
1118,train,0
8008,train,0
3245,train,0
1648,train,0
19703,train,0
1633,train,0
12629,train,0
10533,train,0
16724,train,0
4079,train,0
211,train,0
4359,train,0
1561,train,0
17019,train,0
2001,train,0
7867,train,0
11401,train,0
19456,train,0
2527,train,0
8587,train,0
553,train,0
9721,train,0
4571,train,0
354,train,0
13019,train,0
1114,train,0
14684,train,0
19215,train,0
7334,train,0
5029,train,0
4126,train,0
3509,train,0
11069,train,0
3356,train,0
5239,train,0
14013,train,0
4472,train,0
11715,train,0
2342,train,0
5046,train,0
4636,train,0
10946,train,0
11655,train,0
10597,train,0
7412,train,0
16587,train,0
5709,train,0
11633,train,0
8322,train,0
19777,train,0
7148,train,0
12419,train,0
4846,train,0
3690,train,0
7337,train,0
15480,train,0
12782,train,0
405,train,0
10800,train,0
3111,train,0
562,train,0
11282,train,0
14881,validation,0
11136,validation,0
3961,validation,0
9892,validation,0
11637,validation,0
18615,validation,0
808,validation,0
17694,validation,0
17386,validation,0
1892,validation,0
6610,validation,0
8340,validation,0
4297,validation,0
7210,validation,0
5057,validation,0
10615,validation,0
4250,validation,0
14676,validation,0
1659,validation,0
12475,validation,0
9235,validation,0
12568,validation,0
6788,validation,0
8238,validation,0
8076,validation,0
15644,validation,0
3662,validation,0
14471,validation,0
7176,validation,0
9225,validation,0
10103,validation,0
17198,validation,0
10653,validation,0
19206,validation,0
9523,validation,0
6434,validation,0
4326,validation,0
4013,validation,0
14424,validation,0
17025,validation,0
10564,validation,0
15652,validation,0
12707,validation,0
5506,validation,0
1924,validation,0
10760,validation,0
6392,validation,0
4000,validation,0
15664,validation,0
8027,validation,0
5720,validation,0
12890,validation,0
19075,validation,0
4534,validation,0
6115,validation,0
15914,validation,0
3990,validation,0
9001,validation,0
3134,validation,0
7200,validation,0
6777,validation,0
9503,validation,0
11657,validation,0
11749,validation,0
11883,validation,0
19580,validation,0
5463,validation,0
4919,validation,0
18193,validation,0
15939,validation,0
7707,validation,0
242,validation,0
10404,validation,0
5081,validation,0
6964,validation,0
316,validation,0
14168,validation,0
826,validation,0
17193,validation,0
4763,validation,0
9851,validation,0
18329,validation,0
3777,validation,0
7345,validation,0
11519,validation,0
8557,validation,0
7863,validation,0
8162,validation,0
10407,validation,0
11653,validation,0
8675,validation,0
7137,validation,0
3610,validation,0
10811,validation,0
17265,validation,0
4939,validation,0
11128,validation,0
943,validation,0
4682,validation,0
8512,validation,0
15356,validation,0
2243,validation,0
12130,validation,0
9009,validation,0
3475,validation,0
3699,validation,0
16793,validation,0
10554,validation,0
12874,validation,0
12813,validation,0
11620,validation,0
4017,validation,0
205,validation,0
11767,validation,0
1998,validation,0
2953,validation,0
1389,validation,0
8032,validation,0
3773,validation,0
12936,validation,0
9289,validation,0
15257,validation,0
7768,validation,0
5921,validation,0
1601,validation,0
3059,validation,1
14103,validation,0
18339,validation,0
11138,validation,0
16565,validation,0
4517,validation,0
5745,validation,0
13078,validation,0
8766,validation,0
14705,validation,0
2427,validation,0
19495,validation,0
387,validation,0
13998,validation,0
15111,validation,0
13903,validation,0
5806,validation,0
2237,validation,0
4878,validation,0
8662,validation,0
1585,validation,0
10699,validation,0
14558,validation,0
11548,validation,0
14502,validation,0
3477,validation,0
15853,validation,0
855,validation,0
17052,validation,0
5477,validation,0
4975,validation,0
4081,validation,0
11998,validation,0
3053,validation,0
7107,validation,0
19805,validation,0
12195,validation,0
185,validation,0
16455,validation,0
11763,validation,0
4095,validation,0
13429,validation,0
4739,validation,0
16656,validation,0
10381,validation,0
9575,validation,0
7961,validation,0
9981,validation,0
2247,validation,0
9662,validation,0
1727,validation,0
6030,validation,0
18547,validation,0
6709,validation,0
9864,validation,0
14465,validation,0
10650,validation,0
4075,validation,0
544,validation,0
15372,validation,0
4780,validation,0
8175,validation,0
1278,validation,0
66,validation,0
16302,validation,0
1654,validation,0
15145,validation,0
16745,validation,0
12892,validation,0
11679,validation,0
8000,validation,0
15041,validation,0
7528,validation,0
174,validation,0
19439,validation,0
11668,validation,0
13819,validation,0
3117,validation,0
6943,validation,0
3248,validation,0
19956,validation,0
16814,validation,0
2077,validation,0
16770,validation,0
2719,validation,0
14820,validation,0
19534,validation,0
8735,validation,0
3906,validation,0
19150,validation,0
7683,validation,0
18324,validation,0
8373,validation,0
9442,validation,0
4954,validation,0
452,validation,0
7690,validation,0
4868,validation,0
844,validation,0
6519,validation,0
3997,validation,0
17957,validation,0
6224,validation,0
18013,validation,0
13412,validation,0
224,validation,0
18510,validation,0
8069,validation,0
5067,validation,0
17597,validation,0
5305,validation,0
9581,validation,0
3930,validation,0
4898,validation,0
13109,validation,0
18886,validation,0
11011,validation,0
7982,validation,0
7291,validation,0
5613,validation,0
3678,validation,0
5258,validation,0
12761,validation,0
4664,validation,0
7226,validation,0
13945,validation,0
17273,validation,0
380,validation,0
17137,validation,0
19009,validation,0
2020,validation,0
8224,validation,0
12010,validation,0
17460,validation,0
8362,validation,0
19185,validation,0
17007,validation,0
14283,validation,0
15228,validation,0
5758,validation,0
1121,validation,0
6819,validation,0
14464,validation,0
15160,validation,0
10748,validation,0
15400,validation,0
7885,validation,0
17297,validation,0
11541,validation,0
10365,validation,0
7939,validation,0
9064,validation,0
17586,validation,0
3408,validation,0
14581,validation,0
9858,validation,0
6152,validation,0
19724,validation,0
694,validation,0
5881,validation,0
15656,validation,0
5743,validation,0
1012,validation,0
19302,validation,0
10345,validation,0
18674,validation,0
19172,validation,0
14014,validation,0
7373,validation,0
15509,validation,0
17034,validation,0
5974,validation,0
6711,validation,0
2300,validation,0
10185,validation,0
292,validation,0
305,validation,0
5517,validation,0
11791,validation,0
16654,validation,0
19579,validation,0
10171,validation,0
13803,validation,0
18287,validation,0
10206,validation,0
18117,validation,0
13095,validation,0
5533,validation,0
9931,validation,0
19814,validation,0
11522,validation,0
4220,validation,0
4421,validation,0
16017,validation,0
3323,validation,0
16531,validation,0
1202,validation,0
9638,validation,0
11604,validation,0
8578,validation,0
1075,validation,0
3355,validation,0
12681,validation,0
8152,validation,0
1818,validation,0
4306,validation,0
10974,validation,0
12846,validation,0
13882,validation,0
3705,validation,0
16633,validation,0
1218,validation,0
8142,validation,0
14866,validation,0
1493,validation,0
19621,validation,0
19931,validation,0
12132,validation,0
2608,validation,0
10163,validation,0
12941,validation,0
19533,validation,0
6182,validation,0
1264,validation,0
15149,validation,0
13098,validation,0
8680,validation,0
13909,validation,0
14790,validation,0
4218,validation,0
4905,validation,0
3673,validation,0
5175,validation,0
6870,validation,0
18062,validation,0
17776,validation,0
15115,validation,0
10711,validation,0
7898,validation,0
80,validation,0
16521,validation,0
7109,validation,0
19644,validation,0
554,validation,0
6495,validation,0
6019,validation,0
1845,validation,0
4125,validation,0
12002,validation,0
12908,validation,0
4851,validation,0
6287,validation,0
15780,validation,0
3401,validation,0
1203,validation,0
147,validation,0
12871,validation,0
13493,validation,0
6178,validation,0
11554,validation,0
11838,validation,0
5127,validation,0
16802,validation,0
16738,validation,0
754,validation,0
11425,validation,0
4223,validation,0
18216,validation,0
9377,validation,0
3196,validation,0
6478,validation,0
5013,validation,0
7036,validation,0
2063,validation,0
11459,validation,0
3544,validation,0
6307,validation,0
8668,validation,0
9965,validation,0
10312,validation,0
19339,validation,0
1744,validation,0
8,validation,0
18418,validation,0
19687,validation,0
5028,validation,0
19854,validation,0
2757,validation,0
8121,validation,0
4113,validation,0
7980,validation,0
10040,validation,0
5755,validation,0
14231,validation,0
11267,validation,0
18489,validation,0
17340,validation,0
14876,validation,0
3872,validation,0
4206,validation,0
12969,validation,0
1870,validation,1
18173,validation,0
17841,validation,0
12658,validation,0
17863,validation,0
16334,validation,0
10311,validation,0
7536,validation,0
308,validation,0
9373,validation,0
5233,validation,0
18710,validation,0
12075,validation,0
15828,validation,0
8383,validation,0
10803,validation,0
2304,validation,0
3283,validation,0
14538,validation,0
8933,validation,0
4570,validation,0
11121,validation,0
4970,validation,0
14752,validation,0
12970,validation,0
17691,validation,0
4734,validation,0
8732,validation,0
18823,validation,0
7365,validation,0
9463,validation,0
9312,validation,0
1408,validation,0
7562,validation,0
10561,validation,0
17707,validation,0
13841,validation,0
11086,validation,0
19298,validation,0
15350,validation,0
15290,validation,0
6650,validation,0
18121,validation,0
11662,validation,0
3447,validation,0
622,validation,0
15666,validation,0
14389,validation,0
5481,validation,0
6632,validation,0
6646,validation,0
13859,validation,0
18403,validation,0
1723,validation,0
6581,validation,0
16380,validation,0
17033,validation,0
9098,validation,0
15395,validation,0
5509,validation,0
9782,validation,0
7771,validation,0
13774,validation,0
300,validation,0
5452,validation,0
15182,validation,0
13283,validation,0
8518,validation,0
11180,validation,0
1841,validation,0
1092,validation,0
19311,validation,0
17149,validation,0
16008,validation,0
6266,validation,0
9444,validation,0
4725,validation,0
1920,validation,0
8887,validation,0
12700,validation,0
17120,validation,0
7854,validation,0
16707,validation,0
1826,validation,0
17294,validation,0
7529,validation,0
18006,validation,0
969,validation,1
1583,validation,0
11493,validation,0
9958,validation,0
3072,validation,0
3515,validation,0
19878,validation,0
19382,validation,0
19479,validation,0
7785,validation,0
10178,validation,0
4504,validation,0
14094,validation,0
7498,validation,0
4505,validation,0
466,validation,0
13369,validation,0
13106,validation,0
8400,validation,0
8640,validation,0
4822,validation,0
13802,validation,0
14805,validation,0
4626,validation,0
9044,validation,0
13899,validation,0
11456,validation,0
9492,validation,0
6230,validation,0
7984,validation,0
16120,validation,0
19630,validation,0
12867,validation,0
6923,validation,0
9660,validation,0
13605,validation,0
7526,validation,0
18546,validation,0
7942,validation,0
2053,validation,0
6727,validation,0
12538,validation,0
6470,validation,0
2138,validation,0
3148,validation,0
16204,validation,0
17090,validation,0
1260,validation,0
2002,validation,0
5717,validation,0
16986,validation,0
10960,validation,0
12098,validation,0
3003,validation,0
8513,validation,0
19849,validation,0
16702,validation,0
10061,validation,0
3536,validation,0
15453,validation,0
18304,validation,0
1295,validation,0
6473,validation,0
19635,validation,0
10673,validation,0
9880,validation,0
6833,validation,0
16954,validation,0
11720,validation,0
3591,validation,0
9573,validation,0
13942,validation,0
680,validation,1
15437,validation,0
9756,validation,0
13873,validation,0
2560,validation,0
3659,validation,0
1167,validation,0
16794,validation,0
8658,validation,0
9735,validation,0
9920,validation,0
2734,validation,0
15984,validation,0
2348,validation,0
4282,validation,0
7026,validation,0
17880,validation,0
12460,validation,0
8517,validation,0
4945,validation,0
18070,validation,0
6226,validation,0
17728,validation,0
9733,validation,0
17367,validation,0
204,validation,0
16979,validation,0
3370,validation,0
1111,validation,0
985,validation,0
884,validation,0
3066,validation,0
7933,validation,0
5256,validation,0
1631,validation,0
9421,validation,0
15300,validation,0
2309,validation,0
15640,validation,0
4721,validation,0
14535,validation,0
10027,validation,0
4555,validation,0
5676,validation,0
5266,validation,0
1599,validation,0
8579,validation,0
5825,validation,0
5431,validation,0
17114,validation,0
15880,validation,0
15487,validation,0
11199,validation,0
4346,validation,0
6344,validation,0
19891,validation,0
14543,validation,0
5472,validation,0
17082,validation,0
19237,validation,0
8220,validation,0
2204,validation,0
15822,validation,0
15359,validation,0
13733,validation,0
1448,validation,0
251,validation,1
8573,validation,0
16966,validation,0
6884,validation,0
75,validation,0
16968,validation,0
1385,validation,0
11692,validation,0
9658,validation,0
11047,validation,0
15327,validation,0
19108,validation,0
14598,validation,0
3128,validation,0
19027,validation,0
617,validation,0
1580,validation,0
10109,validation,0
15881,validation,0
10499,validation,0
17104,validation,0
12399,validation,0
19115,validation,0
18795,validation,0
4676,validation,0
18643,validation,0
12078,validation,0
7145,validation,0
3535,validation,0
17334,validation,0
6660,validation,0
7996,validation,0
15578,validation,0
2869,validation,0
1138,validation,0
676,validation,0
6139,validation,0
5885,validation,0
4129,validation,0
13200,validation,0
11795,validation,0
8628,validation,0
4696,validation,0
2443,validation,0
14236,validation,0
5625,validation,0
14556,validation,0
17482,validation,0
19197,validation,0
17103,validation,0
10799,validation,0
15519,validation,0
9884,validation,0
19209,validation,0
19892,validation,0
1607,validation,0
13411,validation,0
10705,validation,0
16705,validation,0
201,validation,0
8899,validation,0
10038,validation,0
4935,validation,0
16101,validation,0
10735,validation,0
17786,validation,0
18211,validation,0
10230,validation,0
7636,validation,0
9111,validation,0
7261,validation,0
4295,validation,0
14877,validation,0
16219,validation,0
14355,validation,0
16871,validation,0
12207,validation,0
9136,validation,0
14995,validation,0
13027,validation,0
12118,validation,0
16197,validation,0
9925,validation,0
8901,validation,0
11171,validation,0
5045,validation,0
9790,validation,0
8535,validation,0
11631,validation,0
1674,validation,0
4448,validation,0
19243,validation,0
1357,validation,0
19859,validation,0
3606,validation,0
13971,validation,0
11344,validation,0
16781,validation,0
3124,validation,0
2382,validation,0
11266,validation,0
10767,validation,0
11270,validation,0
4068,validation,0
5214,validation,0
10234,validation,0
6538,validation,0
7119,validation,0
8701,validation,0
14311,validation,0
3892,validation,0
5940,validation,0
19429,validation,0
17819,validation,0
18621,validation,0
10522,validation,0
16955,validation,0
1900,validation,0
5659,validation,0
8256,validation,0
4053,validation,0
9949,validation,0
1139,validation,0
791,validation,0
7906,validation,0
7134,validation,0
6828,validation,0
5335,validation,0
4538,validation,0
10013,validation,0
13592,validation,0
8527,validation,0
3564,validation,0
10305,validation,0
13193,validation,0
5387,validation,0
19836,validation,0
6232,validation,0
7149,validation,0
19755,validation,0
11287,validation,0
5516,validation,0
4251,validation,0
4395,validation,0
14007,validation,0
1527,validation,0
2969,validation,0
19993,validation,0
4479,validation,0
5171,validation,0
14285,validation,0
1483,validation,0
7203,validation,0
8278,validation,0
8415,validation,0
18670,validation,0
1582,validation,0
18351,validation,0
11075,validation,0
8697,validation,0
2292,validation,0
682,validation,0
14228,validation,0
16297,validation,0
19078,validation,0
7630,validation,0
2789,validation,0
5282,validation,0
774,validation,0
14937,validation,0
5875,validation,0
17324,validation,0
19330,validation,0
4803,validation,0
17824,validation,0
10961,validation,0
19794,validation,0
3421,validation,0
17594,validation,0
7923,validation,0
13569,validation,0
17987,validation,0
2765,validation,0
9968,validation,0
1238,validation,0
13611,validation,0
17370,validation,0
10313,validation,0
16982,validation,0
2694,validation,0
18671,validation,0
3932,validation,0
11967,validation,0
2096,validation,0
5071,validation,0
12746,validation,0
13115,validation,0
8128,validation,0
229,validation,0
18757,validation,0
14729,validation,0
4740,validation,0
5331,validation,0
6,validation,0
19701,validation,0
1212,validation,0
16598,validation,0
18559,validation,0
11317,validation,0
17260,validation,0
12807,validation,0
11089,validation,0
15384,validation,0
1185,validation,0
13509,validation,0
11828,validation,0
6912,validation,0
13001,validation,0
12388,validation,0
92,validation,0
15504,validation,0
18333,validation,0
5860,validation,0
215,validation,0
14341,validation,0
14959,validation,0
4363,validation,0
7715,validation,0
14827,validation,0
5682,validation,0
4339,validation,0
901,validation,0
4510,validation,0
9237,validation,0
3018,validation,0
17516,validation,0
14593,validation,0
12872,validation,0
6471,validation,0
13170,validation,0
3791,validation,0
2113,validation,0
2755,validation,0
15168,validation,0
17105,validation,0
4485,validation,0
19114,validation,0
6402,validation,0
15143,validation,0
9977,validation,0
13647,validation,0
12525,validation,0
965,validation,0
4536,validation,0
2202,validation,0
14925,validation,0
3385,validation,0
425,validation,0
700,validation,0
255,validation,0
5433,validation,0
142,validation,0
8305,validation,0
9249,validation,0
14080,validation,0
19903,validation,0
16295,validation,0
11866,validation,0
19403,validation,0
13746,validation,0
2788,validation,0
17525,validation,0
10988,validation,0
10619,validation,0
9753,validation,0
9337,validation,0
7049,validation,0
6000,validation,0
17278,validation,0
6562,validation,0
10396,validation,1
3837,validation,0
15513,validation,0
3301,validation,0
16694,validation,0
7411,validation,0
5377,validation,0
2082,validation,0
15441,validation,0
18497,validation,0
8379,validation,0
2925,validation,0
6548,validation,0
9778,validation,0
17970,validation,0
6540,validation,0
11506,validation,0
12952,validation,0
16732,validation,0
14391,validation,0
18673,validation,0
12197,validation,0
14984,validation,0
2934,validation,0
14615,validation,0
7236,validation,0
7535,validation,0
16886,validation,0
16440,validation,0
14037,validation,0
1909,validation,0
14665,validation,0
4292,validation,0
9273,validation,0
6667,validation,0
3384,validation,0
3962,validation,0
11551,validation,0
6440,validation,0
3928,validation,0
15730,validation,0
49,validation,0
7756,validation,0
5360,validation,0
6382,validation,0
18399,validation,0
10170,validation,0
9854,validation,0
17980,validation,0
6185,validation,0
18095,validation,0
9250,validation,0
13086,validation,0
5037,validation,0
872,validation,0
19648,validation,0
19843,validation,0
15394,validation,0
11825,validation,0
12004,validation,0
1948,validation,0
19816,validation,0
12204,validation,0
3367,validation,0
13896,validation,0
17730,validation,0
4756,validation,0
17168,validation,0
15273,validation,0
15294,validation,0
11817,validation,0
12342,validation,0
18139,validation,0
7286,validation,0
15388,validation,0
15660,validation,0
5584,validation,0
13715,validation,0
5604,validation,0
15977,validation,0
18736,validation,0
12695,validation,0
1429,validation,0
13765,validation,0
10126,validation,0
15472,validation,0
18806,validation,0
17468,validation,0
13139,validation,0
18826,validation,0
12882,validation,0
17099,validation,0
3957,validation,0
4838,validation,0
15540,validation,0
6147,validation,0
17466,validation,0
15375,validation,0
12201,validation,0
14669,validation,0
13132,validation,0
381,validation,0
8143,validation,0
11640,validation,0
888,validation,0
11074,validation,0
4969,validation,0
8475,validation,0
14810,validation,0
3528,validation,0
10202,validation,0
7295,validation,0
8011,validation,0
1651,validation,0
1550,validation,0
767,validation,0
1217,validation,0
10956,validation,0
8781,validation,0
11555,validation,0
7127,validation,0
17998,validation,0
14912,validation,0
9738,validation,0
6942,validation,0
16016,validation,0
10902,validation,0
13422,validation,0
6222,validation,0
12583,validation,0
9314,validation,0
7031,validation,0
19829,validation,0
7053,validation,0
11298,validation,0
4559,validation,0
13499,validation,0
12039,validation,0
19642,validation,0
8469,validation,0
6674,validation,0
3541,validation,0
12893,validation,0
282,validation,0
8135,validation,0
2334,validation,0
14582,validation,0
11558,validation,0
14151,validation,0
4784,validation,0
15466,validation,0
14521,validation,0
14852,validation,0
4410,validation,0
4903,validation,0
16338,validation,0
7067,validation,0
17254,validation,0
13537,validation,0
2005,validation,0
272,validation,0
15178,validation,0
7828,validation,0
13706,validation,0
19986,validation,0
14042,validation,0
3095,validation,0
565,validation,0
11491,validation,0
9978,validation,0
13555,validation,0
8395,validation,0
15014,validation,0
16839,validation,0
9340,validation,0
17295,validation,0
18196,validation,0
4327,validation,0
15215,validation,0
3914,validation,0
14387,validation,0
16662,validation,0
13053,validation,0
2044,validation,0
4042,validation,0
6122,validation,0
2289,validation,0
15594,validation,0
17885,validation,0
18599,validation,0
18438,validation,0
6316,validation,0
10113,validation,0
13651,validation,0
6568,validation,0
9777,validation,0
2457,validation,0
14159,validation,0
8939,validation,0
18242,validation,0
399,validation,0
8875,validation,0
13941,validation,0
8114,validation,0
4693,validation,1
6278,validation,0
12870,validation,0
19490,validation,0
9929,validation,0
17596,validation,0
6910,validation,0
7341,validation,0
6150,validation,0
11863,validation,0
8562,validation,0
8992,validation,0
18292,validation,0
2179,validation,0
19170,validation,0
7992,validation,0
19044,validation,0
6483,validation,0
15144,validation,0
5859,validation,0
18844,validation,0
13633,validation,0
644,validation,0
18520,validation,0
14812,validation,0
10971,validation,0
9617,validation,0
12597,validation,0
11954,validation,0
17445,validation,0
3992,validation,0
5531,validation,0
4406,validation,0
12888,validation,0
4519,validation,0
10867,validation,0
10082,validation,0
15422,validation,0
398,validation,0
16342,validation,0
14423,validation,0
2570,validation,0
4195,validation,0
15223,validation,0
3956,validation,0
5277,validation,0
13752,validation,0
18789,validation,0
2670,validation,0
18331,validation,0
18928,validation,0
5649,validation,0
16567,validation,0
6044,validation,0
14145,validation,0
14715,validation,0
10677,validation,0
18081,validation,0
14776,validation,0
1526,validation,0
10840,validation,0
11323,validation,0
5167,validation,0
9222,validation,0
6355,validation,0
17904,validation,0
881,validation,0
13508,validation,0
3292,validation,0
16022,validation,0
13069,validation,0
7901,validation,0
16601,validation,0
8949,validation,0
18220,validation,0
15150,validation,0
16108,validation,0
4189,validation,0
13413,validation,0
16033,validation,0
7458,validation,0
9184,validation,0
3327,validation,0
12478,validation,0
1517,validation,0
9703,validation,0
8556,validation,0
2052,validation,0
11977,validation,0
889,validation,0
14951,validation,0
12841,validation,0
4434,validation,0
19857,validation,0
11666,validation,0
15584,validation,0
17846,validation,0
10958,validation,0
14515,validation,0
19223,validation,0
18683,validation,0
5164,validation,0
12398,validation,0
9354,validation,0
10618,validation,0
3694,validation,0
181,validation,0
16099,validation,0
4477,validation,0
2433,validation,0
14808,validation,0
248,validation,0
3801,validation,0
8994,validation,0
19600,validation,0
14786,validation,0
10118,validation,0
9571,validation,0
17284,validation,0
14599,validation,0
17892,validation,0
18672,validation,0
340,validation,0
13782,validation,0
5462,validation,0
4121,validation,0
10675,validation,0
4374,validation,0
14855,validation,0
11505,validation,0
15028,validation,0
1555,validation,0
7731,validation,0
13835,validation,0
11698,validation,0
6308,validation,0
16014,validation,0
18317,validation,0
12339,validation,0
14333,validation,0
13334,validation,0
12493,validation,0
19177,validation,0
10531,validation,0
15713,validation,0
4848,validation,0
15104,validation,0
9329,validation,0
3540,validation,0
3670,validation,0
3350,validation,0
3156,validation,0
3167,validation,0
2644,validation,0
9983,validation,0
9061,validation,0
11336,validation,0
12135,validation,0
2067,validation,0
15426,validation,0
757,validation,0
2837,validation,0
8347,validation,0
1943,validation,0
9988,validation,0
4275,validation,0
16613,validation,0
8481,validation,0
18921,validation,0
13417,validation,0
366,validation,0
8079,validation,0
9606,validation,0
14335,validation,0
18015,validation,0
9716,validation,0
14188,validation,0
11036,validation,0
15506,validation,0
6374,validation,0
19988,validation,0
16252,validation,0
15040,validation,0
2994,validation,0
17268,validation,0
1921,validation,0
5210,validation,0
1320,validation,0
11859,validation,0
12649,validation,0
19690,validation,0
15156,validation,0
10527,validation,0
11417,validation,0
12409,validation,0
13608,validation,0
9384,validation,0
18417,validation,0
4681,validation,0
17591,validation,0
8555,validation,0
8217,validation,0
430,validation,0
19603,validation,0
10433,validation,0
12397,validation,0
13048,validation,0
18066,validation,0
18969,validation,0
1617,validation,0
9760,validation,0
11431,validation,0
17151,validation,0
13953,validation,0
4033,validation,0
11026,validation,0
9827,validation,0
19160,validation,0
14458,validation,0
2301,validation,1
7017,validation,0
7808,validation,0
9707,validation,0
5458,validation,0
16729,validation,0
18078,validation,0
968,validation,0
3866,validation,0
9144,validation,0
11643,validation,0
17640,validation,0
17774,validation,0
2403,validation,0
15036,validation,0
16384,validation,0
4649,validation,0
1829,validation,0
18378,validation,0
7608,validation,0
3757,validation,0
2442,validation,0
3267,validation,0
14740,validation,0
16640,validation,0
14571,validation,0
19709,validation,0
18588,validation,0
15469,validation,0
10842,validation,0
4701,validation,0
6824,validation,0
18286,validation,0
15854,validation,0
1270,validation,0
7318,validation,0
17344,validation,0
3578,validation,0
3608,validation,0
14930,validation,0
8891,validation,0
3388,validation,0
17968,validation,0
8492,validation,0
4683,validation,0
19270,validation,0
1910,validation,0
14399,validation,0
2440,validation,0
10383,validation,0
12390,validation,0
13741,validation,0
10565,validation,0
974,validation,0
7259,validation,0
2151,validation,0
15883,validation,0
12653,validation,0
19089,validation,0
19886,validation,0
1256,validation,0
299,validation,0
16523,validation,0
18508,validation,0
16133,validation,0
2508,validation,0
7505,validation,0
6676,validation,0
7567,validation,0
4567,validation,0
1922,validation,0
17643,validation,0
13678,validation,0
19640,validation,0
3483,validation,0
501,validation,0
15052,validation,0
10911,validation,0
15174,validation,0
13901,validation,0
3203,validation,0
960,validation,0
8412,validation,0
17751,validation,0
14396,validation,0
17935,validation,0
8381,validation,0
5600,validation,0
12138,validation,0
8583,validation,0
9022,validation,0
7573,validation,0
7685,validation,0
2225,validation,0
3501,validation,0
5884,validation,0
19320,validation,0
10838,validation,0
14985,validation,0
11842,validation,0
14148,validation,0
13698,validation,0
18499,validation,0
11125,validation,0
769,validation,0
2613,validation,0
3692,validation,0
17110,validation,0
19465,validation,0
15001,validation,0
8685,validation,0
18327,validation,0
9290,validation,0
14575,validation,0
18476,validation,0
11380,validation,0
3013,validation,0
2350,validation,0
17013,validation,0
11536,validation,0
551,validation,0
4610,validation,0
18802,validation,0
13829,validation,0
22,validation,0
19566,validation,0
18391,validation,0
6735,validation,0
14201,validation,0
19023,validation,0
4057,validation,0
1395,validation,0
13720,validation,0
3118,validation,0
3144,validation,0
997,validation,0
16074,validation,0
8024,validation,0
15746,validation,0
10100,validation,0
13026,validation,0
2976,validation,0
4984,validation,0
334,validation,0
495,validation,0
17995,validation,0
11482,validation,0
1859,validation,0
369,validation,0
16991,validation,0
6379,validation,0
603,validation,0
12254,validation,0
6666,validation,0
6064,validation,0
5769,validation,0
2989,validation,0
13788,validation,0
2062,validation,0
8493,validation,0
6339,validation,0
8963,validation,0
8959,validation,0
2794,validation,0
19620,validation,0
14107,validation,0
2259,validation,0
19442,validation,0
11186,validation,0
6465,validation,0
1775,validation,0
1538,validation,0
17077,validation,0
8274,validation,0
11724,validation,0
16478,validation,0
605,validation,0
4597,validation,0
1036,validation,0
13549,validation,0
7253,validation,0
17423,validation,0
4481,validation,0
19164,validation,0
5829,validation,0
6137,validation,0
5217,validation,0
10892,validation,0
6961,validation,0
13806,validation,0
10518,validation,0
9845,validation,0
16015,validation,0
4335,validation,0
19679,validation,0
5411,validation,0
11483,validation,0
5216,validation,0
16996,validation,0
2576,validation,0
2209,validation,0
15176,validation,0
19454,validation,0
1941,validation,0
10707,validation,0
276,validation,0
5073,validation,0
1372,validation,0
14795,validation,0
947,validation,0
4932,validation,0
9697,validation,0
17058,validation,0
14897,validation,0
15942,validation,0
13350,validation,0
7767,validation,0
4069,validation,0
5348,validation,0
19101,validation,0
17784,validation,0
3481,validation,0
1447,validation,0
9767,validation,0
11184,validation,0
18215,validation,0
5775,validation,0
7577,validation,0
19091,validation,0
10511,validation,0
8473,validation,0
15527,validation,0
15075,validation,0
6089,validation,0
15856,validation,0
6522,validation,0
17731,validation,0
12384,validation,0
1291,validation,0
17021,validation,0
13919,validation,0
17061,validation,0
2161,validation,0
6435,validation,0
16088,validation,0
11207,validation,0
3954,validation,0
3970,validation,0
12498,validation,0
9577,validation,0
16485,validation,0
12744,validation,0
5757,validation,0
1627,validation,0
19756,validation,0
17293,validation,0
14561,validation,0
16810,validation,0
8551,validation,0
1080,validation,0
4,validation,0
17365,validation,0
16749,validation,0
17102,validation,0
3473,validation,0
14491,validation,0
9934,validation,0
8630,validation,0
13529,validation,0
9755,validation,0
11057,validation,0
13442,validation,0
17175,validation,0
8884,validation,0
11068,validation,0
19723,validation,0
11471,validation,0
11278,validation,0
14478,validation,0
9566,validation,0
3375,validation,0
9645,validation,0
1468,validation,0
19710,validation,0
19893,validation,0
12329,validation,0
10792,validation,0
12050,validation,0
14021,validation,0
6409,validation,0
14527,validation,0
18799,validation,0
5375,validation,0
8960,validation,0
8969,validation,0
7686,validation,0
12730,validation,0
7764,validation,0
15447,validation,0
2263,validation,0
11182,validation,0
20,validation,0
19503,validation,0
16671,validation,0
10848,validation,0
1244,validation,0
461,validation,0
2072,validation,0
16025,validation,0
2007,validation,0
15054,validation,0
6946,validation,0
15326,validation,0
10145,validation,0
5154,validation,0
5188,validation,0
15760,validation,0
12788,validation,0
3189,validation,0
3114,validation,0
8511,validation,0
19107,validation,0
15593,validation,0
13370,validation,0
158,validation,0
805,validation,0
13321,validation,0
10645,validation,0
10655,validation,0
17046,validation,0
10548,validation,0
12631,validation,0
4478,validation,0
7388,validation,0
19676,validation,0
4070,validation,0
19500,validation,0
19508,validation,0
5304,validation,0
18781,validation,0
17608,validation,0
30,validation,0
9381,validation,0
19881,validation,0
10743,validation,0
16891,validation,0
7019,validation,0
4918,validation,0
18818,validation,0
3868,validation,0
14801,validation,0
8292,validation,0
1640,validation,0
16079,validation,0
5264,validation,0
14408,validation,0
6658,validation,0
1762,validation,0
13152,validation,0
17720,validation,0
14320,validation,0
6498,validation,0
17806,validation,0
10862,validation,0
18518,validation,0
3177,validation,0
6790,validation,0
11652,validation,0
14302,validation,0
16948,validation,0
18463,validation,0
2758,validation,0
12052,validation,0
16063,validation,0
4691,validation,0
14497,validation,0
19294,validation,0
18386,validation,0
11844,validation,0
5437,validation,0
2968,validation,0
14100,validation,0
3749,validation,0
5467,validation,1
18069,validation,0
4162,validation,0
10574,validation,0
8334,validation,0
15377,validation,0
17065,validation,0
19173,validation,0
17133,validation,0
7772,validation,0
14503,validation,0
14108,validation,0
11283,validation,0
9961,validation,0
14606,validation,0
3779,validation,0
6993,validation,0
988,validation,0
17964,validation,0
9032,validation,0
18976,validation,0
1822,validation,0
8625,validation,0
8642,validation,0
19957,validation,0
6624,validation,0
16444,validation,0
2551,validation,0
15552,validation,0
15960,validation,0
14631,validation,0
9295,validation,0
2838,validation,0
31,validation,0
15665,validation,0
938,validation,0
7202,validation,0
2668,validation,0
17749,validation,0
4817,validation,0
12627,validation,0
6215,validation,0
3287,validation,0
17848,validation,0
12107,validation,0
1319,validation,0
7677,validation,0
8576,validation,0
13870,validation,0
10254,validation,0
14751,validation,0
19328,validation,0
2972,validation,0
16554,validation,0
8595,validation,0
13433,validation,0
14204,validation,0
10094,validation,0
3371,validation,0
2747,validation,0
18030,validation,0
15101,validation,0
11789,validation,0
13800,validation,0
8709,validation,0
7824,validation,0
6192,validation,0
6737,validation,0
18733,validation,0
8194,validation,0
16597,validation,0
12403,validation,0
18651,validation,0
5322,validation,0
1906,validation,0
7254,validation,0
1402,validation,0
9594,validation,0
17507,validation,0
6820,validation,0
7110,validation,0
6714,validation,0
17979,validation,0
18342,validation,0
17548,validation,0
3987,validation,0
17967,validation,0
2372,validation,0
10159,validation,0
9905,validation,0
16760,validation,0
990,validation,0
19763,validation,0
4072,validation,0
9763,validation,0
15613,validation,0
12959,validation,0
11438,validation,0
11752,validation,0
14968,validation,0
8088,validation,0
8703,validation,0
176,validation,0
13216,validation,0
18824,validation,0
18758,validation,0
4150,validation,0
9674,validation,0
11382,validation,0
14756,validation,0
982,validation,0
5904,validation,0
4807,validation,0
10881,validation,0
15471,validation,0
9008,validation,0
5639,validation,0
4424,validation,0
15769,validation,0
15275,validation,0
12701,validation,0
11272,validation,0
17399,validation,0
6512,validation,0
8726,validation,0
13440,validation,0
6761,validation,0
16649,validation,0
12679,validation,0
13091,validation,0
6069,validation,0
18705,validation,0
8826,validation,0
8130,validation,0
7900,validation,0
12543,validation,0
15425,validation,0
1748,validation,0
7427,validation,0
19370,validation,0
9449,validation,0
2646,validation,0
8129,validation,0
14420,validation,0
12407,validation,0
78,validation,0
10085,validation,0
6008,validation,0
7941,validation,0
17759,validation,0
11013,validation,0
17049,validation,0
9706,validation,0
5955,validation,0
19698,validation,0
8464,validation,0
16495,validation,0
3192,validation,0
1457,validation,0
13745,validation,0
15829,validation,0
14397,validation,0
13877,validation,0
19659,validation,0
14952,validation,0
18409,validation,0
10409,validation,0
15096,validation,0
5591,validation,0
18828,validation,0
664,validation,0
16435,validation,0
8330,validation,0
15116,validation,0
14913,validation,0
10505,validation,0
16786,validation,0
18122,validation,0
14965,validation,0
2214,validation,0
3376,validation,0
18472,validation,0
2965,validation,0
4880,validation,0
3070,validation,0
9125,validation,0
8671,validation,0
13063,validation,0
7555,validation,0
8883,validation,0
18505,validation,0
4722,validation,0
5033,validation,0
17533,validation,0
4463,validation,0
13131,validation,0
7815,validation,0
1236,validation,0
1735,validation,0
15768,validation,0
13731,validation,0
11084,validation,0
5297,validation,0
12134,validation,0
18555,validation,0
16028,validation,0
371,validation,0
4323,validation,0
2368,validation,0
8870,validation,0
1713,validation,0
7574,validation,0
16537,validation,0
2407,validation,0
2896,validation,0
15361,validation,0
4542,validation,0
2683,validation,0
14613,validation,0
16339,validation,0
5366,validation,0
5374,validation,0
5668,validation,0
11518,validation,0
18152,validation,0
9175,validation,0
56,validation,0
6244,validation,0
9954,validation,0
19601,validation,0
8886,validation,0
2552,validation,0
7391,validation,0
13036,validation,0
5828,validation,0
9055,validation,0
10854,validation,0
1708,validation,0
13798,validation,0
7209,validation,0
7891,validation,0
797,validation,0
8577,validation,0
9071,validation,0
18093,validation,0
1861,validation,0
16195,validation,0
141,validation,0
2323,validation,0
11711,validation,0
12147,validation,0
18293,validation,0
7656,validation,0
18929,validation,0
8590,validation,0
6630,validation,0
18169,validation,0
18465,validation,0
9917,validation,0
3640,validation,0
743,validation,0
19262,validation,0
17681,validation,0
14257,validation,0
8386,validation,0
15493,validation,0
19361,validation,0
13718,validation,0
1679,validation,0
5108,validation,0
15242,validation,0
9000,validation,0
1699,validation,0
3869,validation,0
18878,validation,0
4554,validation,0
15676,validation,0
11873,validation,0
11190,validation,0
17878,validation,0
11739,validation,0
12920,validation,0
16916,validation,0
3547,validation,0
16128,validation,0
7059,validation,0
7775,validation,0
6073,validation,0
3717,validation,0
14652,validation,0
6704,validation,0
3141,validation,0
865,validation,0
11188,validation,0
13174,validation,0
19576,validation,0
7466,validation,0
11158,validation,0
5199,validation,0
2619,validation,0
3197,validation,0
12664,validation,0
16974,validation,0
17185,validation,0
3748,validation,0
9282,validation,0
3097,validation,0
7483,validation,0
11778,validation,0
15049,validation,0
19071,validation,0
1623,validation,0
3080,validation,0
13399,validation,0
14140,validation,0
1086,validation,0
2144,validation,0
11137,validation,0
8234,validation,0
847,validation,0
740,validation,0
14551,validation,0
15808,validation,0
7419,validation,0
6358,validation,0
14722,validation,0
19285,validation,0
9689,validation,0
17706,validation,0
19935,validation,0
264,validation,0
19244,validation,0
18668,validation,0
16406,validation,0
13149,validation,0
13885,validation,0
14747,validation,0
11849,validation,0
9615,validation,0
546,validation,0
971,validation,0
8239,validation,0
5998,validation,0
6211,validation,0
10207,validation,0
4557,validation,0
11965,validation,0
5583,validation,0
1450,validation,0
2250,validation,0
8604,validation,0
8754,validation,0
13900,validation,0
15044,validation,0
5607,validation,0
19619,validation,0
19174,validation,0
12624,validation,0
6480,validation,0
1733,validation,0
2604,validation,0
5275,validation,0
15538,validation,0
8227,validation,0
1259,validation,0
14210,validation,0
4356,validation,0
15474,validation,0
12977,validation,0
8242,validation,0
2766,validation,0
8439,validation,0
19548,validation,0
17794,validation,0
10484,validation,0
6573,validation,0
18751,validation,0
17950,validation,0
15439,validation,0
8354,validation,0
16372,validation,0
1697,validation,0
9504,validation,0
5708,validation,0
16657,validation,0
16213,validation,0
14416,validation,0
1038,validation,0
5191,validation,0
18832,validation,0
9759,validation,0
6455,validation,0
13571,validation,0
11896,validation,0
18589,validation,0
16424,validation,0
1171,validation,0
11239,validation,0
6012,validation,0
9069,validation,0
14509,validation,0
11157,validation,0
19443,validation,0
19799,validation,0
13388,validation,0
4911,validation,0
11269,validation,0
19474,validation,0
16070,validation,0
10635,validation,0
15363,validation,0
14412,validation,0
5867,validation,0
8986,validation,0
11490,validation,0
1657,validation,0
970,validation,1
7285,validation,0
5386,validation,0
18548,validation,0
14651,validation,0
9902,validation,0
9588,validation,0
9953,validation,0
9097,validation,0
1280,validation,0
4859,validation,0
4689,validation,0
5589,validation,0
6467,validation,0
11429,validation,0
14105,validation,0
12299,validation,0
17564,validation,0
6055,validation,0
17999,validation,0
6769,validation,0
7346,validation,0
6341,validation,0
3711,validation,0
864,validation,0
16282,validation,0
15463,validation,0
13215,validation,0
17671,validation,0
9280,validation,0
13860,validation,0
5153,validation,0
2663,validation,0
12349,validation,0
19092,validation,0
11351,validation,0
15459,validation,0
999,validation,0
1668,validation,0
4896,validation,0
9761,validation,0
13552,validation,0
567,validation,0
9457,validation,0
8321,validation,0
8647,validation,0
1161,validation,0
18439,validation,0
11063,validation,0
13451,validation,0
4032,validation,0
4660,validation,0
1469,validation,0
16832,validation,0
13153,validation,0
8769,validation,0
13262,validation,0
7755,validation,0
9899,validation,0
6977,validation,0
11628,validation,0
2777,validation,0
13583,validation,0
1325,validation,0
5413,validation,0
16345,validation,0
17670,validation,0
11326,validation,0
13288,validation,0
4298,validation,0
15675,validation,0
2061,validation,0
16592,validation,0
2833,validation,0
14970,validation,0
9616,validation,0
6858,validation,0
19596,validation,0
5851,validation,0
9729,validation,0
6550,validation,0
17123,validation,0
14691,validation,0
3854,validation,0
9103,validation,0
18453,validation,0
6385,validation,0
15884,validation,0
962,validation,0
7385,validation,0
534,validation,0
3655,validation,0
18703,validation,0
8096,validation,0
17342,validation,0
18297,validation,0
14374,validation,0
18690,validation,0
8407,validation,0
4232,validation,0
1634,validation,0
17785,validation,0
18345,validation,0
17659,validation,0
4088,validation,0
3409,validation,0
10424,validation,0
19934,validation,0
13641,validation,0
10051,validation,0
19905,validation,0
18485,validation,0
19569,validation,0
12509,validation,0
12551,validation,0
2485,validation,0
6490,validation,0
10294,validation,0
7241,validation,0
1311,validation,0
19932,validation,0
5469,validation,0
5767,validation,0
2593,validation,0
6331,validation,0
13613,validation,0
5580,validation,0
1326,validation,0
18971,validation,0
17690,validation,0
6557,validation,0
17441,validation,0
15744,validation,0
14990,validation,0
10996,validation,0
5021,validation,0
1162,validation,0
8948,validation,0
12901,validation,0
14784,validation,0
7870,validation,0
8272,validation,0
13721,validation,0
10353,validation,0
19649,validation,0
10572,validation,0
14895,validation,0
2578,validation,0
2659,validation,0
5449,validation,0
7218,validation,0
10796,validation,0
403,validation,0
14470,validation,0
16156,validation,0
14546,validation,0
13354,validation,0
9553,validation,0
6937,validation,0
5072,validation,0
7172,validation,0
4156,validation,0
3940,validation,0
3679,validation,0
9226,validation,0
7497,validation,0
17252,validation,0
10804,validation,0
7843,validation,0
4853,validation,0
6729,validation,0
11397,validation,0
7278,validation,0
3747,validation,0
12156,validation,0
14030,validation,0
17036,validation,0
7874,validation,0
1366,validation,0
8897,validation,0
1182,validation,0
17119,validation,0
17723,validation,0
18459,validation,0
2991,validation,0
5314,validation,0
4743,validation,0
14591,validation,0
14619,validation,0
12387,validation,0
5308,validation,0
10981,validation,0
13960,validation,0
18233,validation,0
16315,validation,0
18057,validation,0
1498,validation,0
10787,validation,0
338,validation,0
5759,validation,0
8134,validation,0
12267,validation,0
16534,validation,0
18707,validation,0
11837,validation,0
16031,validation,0
16957,validation,0
10634,validation,0
15718,validation,0
729,validation,0
13169,validation,0
4710,validation,0
5856,validation,0
6599,validation,0
8554,validation,0
15435,validation,0
8258,validation,0
7663,validation,0
3038,validation,0
9012,validation,0
3600,validation,0
14209,validation,0
4169,validation,0
17825,validation,0
13256,validation,0
11543,validation,0
8020,validation,0
3368,validation,0
10939,validation,0
8776,validation,0
1832,validation,0
12711,validation,0
6450,validation,0
10623,validation,0
4351,validation,0
4080,validation,0
15917,validation,0
16542,validation,0
10417,validation,0
5782,validation,0
4577,validation,0
14641,validation,0
17154,validation,0
8560,validation,0
16186,validation,0
11154,validation,0
17067,validation,0
7946,validation,0
12563,validation,0
6535,validation,0
19004,validation,0
3764,validation,0
10820,validation,0
12997,validation,0
10628,validation,0
7916,validation,0
11261,validation,0
18414,validation,0
14118,validation,0
15661,validation,0
13022,validation,0
10624,validation,0
18031,validation,0
11686,validation,0
15551,validation,0
10959,validation,0
10158,validation,0
6415,validation,0
5922,validation,0
19512,validation,0
12830,validation,0
3086,validation,0
17879,validation,0
9079,validation,0
14032,validation,0
8609,validation,0
5290,validation,0
639,validation,0
17165,validation,0
4719,validation,0
2979,validation,0
4182,validation,0
17320,validation,0
16791,validation,0
11476,validation,0
2054,validation,0
11565,validation,0
9068,validation,0
9323,validation,0
5150,validation,0
10599,validation,0
11918,validation,0
12163,validation,0
17818,validation,0
16049,validation,0
10339,validation,0
19802,validation,0
6200,validation,0
5323,validation,0
13940,validation,0
10508,validation,0
19955,validation,0
17407,validation,0
14370,validation,0
15716,validation,0
16559,validation,0
18412,validation,0
15635,validation,0
2262,validation,0
4050,validation,0
5664,validation,0
19234,validation,0
13566,validation,0
4290,validation,0
19304,validation,0
7515,validation,0
4933,validation,0
14463,validation,0
1955,validation,0
1763,validation,0
7175,validation,0
3552,validation,0
8432,validation,0
9060,validation,0
19002,validation,0
9036,validation,0
18688,validation,0
2172,validation,0
17827,validation,0
9119,validation,0
958,validation,0
14710,validation,0
9292,validation,0
16009,validation,0
3442,validation,0
5771,validation,0
17916,validation,0
10255,validation,0
8486,validation,0
7634,validation,0
13065,validation,0
9548,validation,0
16990,validation,0
16683,validation,0
12780,validation,0
1359,validation,0
1947,validation,0
12994,validation,0
2505,validation,0
11115,validation,0
11484,validation,0
2620,validation,0
1174,validation,0
6651,validation,0
14540,validation,0
10598,validation,0
19364,validation,0
6373,validation,0
9246,validation,0
10930,validation,0
5898,validation,0
14529,validation,0
1666,validation,0
6249,validation,0
11521,validation,0
9699,validation,0
16119,validation,0
14359,validation,0
13430,validation,0
10070,validation,0
3847,validation,0
6645,validation,0
16037,validation,0
4971,validation,0
14557,validation,0
4642,validation,0
10715,validation,0
11684,validation,0
14402,validation,0
1140,validation,0
11989,validation,0
2559,validation,0
9543,validation,0
3945,validation,0
8484,validation,0
14015,validation,0
5271,validation,0
5849,validation,0
17271,validation,0
16026,validation,0
13197,validation,0
17770,validation,0
15906,validation,0
11687,validation,0
9123,validation,0
9134,validation,0
3533,validation,0
11793,validation,0
17965,validation,0
19471,validation,0
15449,validation,0
5177,validation,0
13676,validation,0
19314,validation,0
11750,validation,0
8973,validation,0
13539,validation,0
13087,validation,0
7508,validation,0
4581,validation,0
9034,validation,0
120,validation,0
1019,validation,0
7161,validation,0
213,validation,0
4829,validation,0
4706,validation,0
18210,validation,0
11432,validation,0
5811,validation,0
1198,validation,0
944,validation,0
5798,validation,0
724,validation,1
3835,validation,0
5645,validation,0
3154,validation,0
16299,validation,0
9300,validation,0
14450,validation,0
14825,validation,0
6349,validation,0
11224,validation,0
19296,validation,0
8058,validation,0
1376,validation,0
16055,validation,0
14976,validation,0
9346,validation,0
2532,validation,0
19915,validation,0
13234,validation,0
11914,validation,0
209,validation,0
7859,validation,0
17304,validation,0
11869,validation,0
5402,validation,0
7790,validation,0
5436,validation,0
6837,validation,0
5231,validation,0
9345,validation,0
8453,validation,0
8237,validation,0
1597,validation,0
2073,validation,0
14112,validation,0
4391,validation,0
10874,validation,0
18003,validation,0
669,validation,0
16751,validation,0
202,validation,0
15336,validation,0
18845,validation,0
15230,validation,0
11133,validation,0
6013,validation,0
10989,validation,0
6880,validation,0
15657,validation,0
2624,validation,0
5354,validation,0
11444,validation,0
16052,validation,0
17672,validation,0
3586,validation,0
6627,validation,0
15127,validation,0
8291,validation,0
5455,validation,0
13446,validation,0
14771,validation,0
15391,validation,0
10237,validation,0
15284,validation,0
7102,validation,0
10399,validation,0
6361,validation,0
9885,validation,0
16395,validation,0
10751,validation,0
6702,validation,1
269,validation,0
9214,validation,0
19936,validation,0
18962,validation,0
12880,validation,0
2872,validation,0
18083,validation,0
13135,validation,0
16931,validation,0
1857,validation,0
12099,validation,0
10910,validation,0
13176,validation,0
13893,validation,0
5967,validation,0
6187,validation,0
18697,validation,0
18222,validation,0
9395,validation,0
1031,validation,0
11132,validation,0
19127,validation,0
10314,validation,0
101,validation,0
7774,validation,0
77,validation,0
1397,validation,0
16267,validation,0
12848,validation,0
15428,validation,0
16730,validation,0
2662,validation,0
17572,validation,0
10625,validation,0
10886,validation,0
14199,validation,0
11273,validation,0
528,validation,0
6303,validation,0
18854,validation,0
613,validation,0
8930,validation,0
5340,validation,0
12294,validation,0
10594,validation,0
1263,validation,0
17740,validation,0
5201,validation,0
13228,validation,0
17661,validation,0
9691,validation,0
4820,validation,0
583,validation,0
11903,validation,0
14406,validation,0
9535,validation,0
12856,validation,0
16106,validation,0
13240,validation,0
14096,validation,0
6466,validation,0
1274,validation,0
14403,validation,0
1790,validation,0
16396,validation,0
11744,validation,0
16040,validation,0
13758,validation,0
17217,validation,0
13581,validation,0
346,validation,0
4490,validation,0
15286,validation,0
17072,validation,0
10387,validation,0
13654,validation,0
8862,validation,0
4963,validation,0
13400,validation,0
18669,validation,0
12615,validation,0
16024,validation,0
12102,validation,0
15752,validation,0
1940,validation,0
17502,validation,0
11974,validation,0
18865,validation,0
13481,validation,0
11876,validation,0
2136,validation,0
6447,validation,0
16286,validation,0
7216,validation,0
11012,validation,0
6011,validation,0
12452,validation,0
15027,validation,0
471,validation,0
11418,validation,0
2473,validation,0
17417,validation,0
14869,validation,0
10257,validation,0
17963,validation,0
17909,validation,0
6963,validation,0
9196,validation,0
14254,validation,0
11458,validation,0
13996,validation,0
15397,validation,0
5764,validation,0
3380,validation,0
8438,validation,0
3800,validation,0
1016,validation,0
151,validation,0
3215,validation,0
12287,validation,0
18988,validation,0
14807,validation,0
16530,validation,0
7839,validation,0
14986,validation,0
19615,validation,0
10319,validation,0
9374,validation,0
10819,validation,0
10877,validation,0
13753,validation,0
10884,validation,0
2903,validation,0
427,validation,0
733,validation,0
17116,validation,0
13136,validation,0
6908,validation,0
17030,validation,0
4086,validation,0
15981,validation,0
8119,validation,0
12100,validation,0
4312,validation,0
16711,validation,0
4704,validation,0
2395,validation,0
10252,validation,0
17790,validation,0
7204,validation,0
19099,validation,0
10895,validation,0
735,validation,0
3113,validation,0
18035,validation,0
16019,validation,0
15475,validation,0
10545,validation,0
5722,validation,0
9427,validation,0
16875,validation,0
8922,validation,0
3389,validation,0
4564,validation,0
13914,validation,0
17341,validation,0
4304,validation,0
12051,validation,0
12814,validation,0
9388,validation,0
5483,validation,0
19963,validation,0
1033,validation,0
16236,validation,0
11950,validation,0
4855,validation,0
6202,validation,0
7027,validation,0
15368,validation,0
7742,validation,0
16696,validation,0
15620,validation,0
7558,validation,0
2356,validation,0
1011,validation,0
1486,validation,0
3372,validation,0
15047,validation,0
2423,validation,0
15262,validation,0
2648,validation,0
8636,validation,0
7679,validation,0
4124,validation,0
900,validation,0
14851,validation,0
12187,validation,0
3103,validation,0
19396,validation,0
13338,validation,0
10245,validation,0
2939,validation,0
3276,validation,0
6612,validation,0
11831,validation,0
15911,validation,0
2213,validation,0
7152,validation,0
9877,validation,0
13604,validation,0
17306,validation,0
4709,validation,0
18874,validation,0
13127,validation,0
12942,validation,0
8105,validation,0
18604,validation,0
7935,validation,0
11393,validation,0
6956,validation,0
1323,validation,0
12250,validation,0
12393,validation,0
8408,validation,0
11299,validation,0
8834,validation,0
12296,validation,0
18857,validation,0
2003,validation,0
19273,validation,0
10875,validation,0
17430,validation,0
16460,validation,0
4830,validation,0
13609,validation,0
4948,validation,0
4767,validation,0
9749,validation,0
8029,validation,0
10578,validation,0
8916,validation,0
11810,validation,0
4378,validation,0
17438,validation,0
8452,validation,0
10263,validation,0
4354,validation,0
5370,validation,0
6322,validation,0
16301,validation,0
9795,validation,0
1251,validation,0
13832,validation,0
10020,validation,0
7930,validation,0
1317,validation,0
1803,validation,0
13238,validation,0
4887,validation,0
631,validation,0
5131,validation,0
2824,validation,0
18381,validation,0
10041,validation,0
15700,validation,0
3043,validation,0
10992,validation,0
16122,validation,0
4279,validation,0
12016,validation,0
560,validation,0
6133,validation,0
18974,validation,0
9654,validation,0
14222,validation,0
2410,validation,0
13094,validation,0
14972,validation,0
933,validation,0
9619,validation,0
3347,validation,0
9799,validation,0
4749,validation,0
13522,validation,0
11007,validation,0
19902,validation,0
7353,validation,0
9750,validation,0
12521,validation,0
16353,validation,0
8137,validation,0
9516,validation,0
11479,validation,0
3657,validation,0
9245,validation,0
17724,validation,0
274,validation,0
7308,validation,0
12275,validation,0
15077,validation,0
13368,validation,0
5042,validation,0
4494,validation,0
14214,validation,0
3637,validation,0
1128,validation,0
11766,validation,0
12211,validation,0
16272,validation,0
17394,validation,0
917,validation,0
6962,validation,0
6270,validation,0
11141,validation,0
159,validation,0
13331,validation,0
11051,validation,0
18406,validation,0
17615,validation,0
18341,validation,0
860,validation,0
18151,validation,0
5144,validation,0
13102,validation,0
2671,validation,0
19126,validation,0
14414,validation,0
6054,validation,0
3295,validation,0
17322,validation,0
12926,validation,0
2090,validation,0
1983,validation,0
1683,validation,0
18248,validation,0
8585,validation,0
15630,validation,0
3500,validation,0
17505,validation,0
7553,validation,0
10045,validation,0
9473,validation,0
13713,validation,0
3078,validation,0
13981,validation,0
7350,validation,0
6744,validation,0
17826,validation,0
12083,validation,0
18896,validation,0
4867,validation,0
7024,validation,0
14437,validation,0
6117,test,0
19744,test,0
19664,test,0
13325,test,0
5747,test,1
8991,test,0
8596,test,0
10630,test,0
12178,test,0
7124,test,0
18786,test,0
7698,test,0
18961,test,0
2853,test,0
14896,test,0
13732,test,0
4217,test,0
16861,test,0
12266,test,0
12879,test,0
5803,test,0
6087,test,0
5763,test,0
13028,test,0
318,test,0
19322,test,0
17547,test,0
2459,test,0
18086,test,0
7383,test,0
6594,test,0
14298,test,0
8990,test,0
15455,test,0
14361,test,0
12570,test,0
17336,test,0
9484,test,0
8021,test,0
9964,test,0
15742,test,0
14106,test,0
3339,test,0
6839,test,0
5368,test,0
10026,test,0
13710,test,0
11708,test,0
15953,test,0
17688,test,0
19571,test,0
14977,test,0
2819,test,0
15758,test,0
6647,test,0
13231,test,0
14766,test,0
9641,test,0
9494,test,0
11148,test,0
16926,test,0
11435,test,0
18917,test,0
14468,test,0
11226,test,0
9426,test,0
19589,test,0
13471,test,0
18752,test,0
18540,test,0
8970,test,0
3816,test,0
1284,test,0
1831,test,0
12162,test,0
7594,test,0
5882,test,0
8303,test,0
19880,test,0
19464,test,0
4608,test,0
13461,test,0
7355,test,0
17393,test,0
7190,test,0
15319,test,0
13826,test,0
12751,test,0
8860,test,0
16673,test,0
19346,test,0
8549,test,0
375,test,0
1017,test,0
698,test,0
923,test,0
10021,test,0
11206,test,0
14091,test,0
655,test,0
8335,test,0
15039,test,0
12547,test,0
359,test,0
4588,test,0
6441,test,0
3281,test,0
11346,test,0
10754,test,0
10211,test,0
3319,test,0
14802,test,0
17743,test,0
18801,test,0
3975,test,0
15231,test,0
12594,test,0
7011,test,0
6424,test,0
8167,test,0
10141,test,0
1621,test,0
14750,test,0
1871,test,0
12137,test,0
5241,test,0
17623,test,0
18048,test,0
10907,test,0
19312,test,0
12290,test,0
10560,test,0
3357,test,0
17499,test,0
6574,test,0
7227,test,0
18150,test,0
4180,test,0
8047,test,0
7833,test,0
9952,test,0
15099,test,0
15588,test,0
8036,test,0
7468,test,0
10036,test,0
1854,test,0
1208,test,0
18618,test,0
15338,test,0
18264,test,0
18068,test,0
11310,test,0
16507,test,0
10590,test,0
14774,test,0
7311,test,0
8075,test,0
732,test,0
11037,test,0
16742,test,0
2681,test,0
2430,test,0
13366,test,0
16517,test,0
10672,test,0
1655,test,0
4158,test,0
18575,test,0
12501,test,0
18321,test,0
3720,test,0
18663,test,0
15741,test,0
5614,test,0
4916,test,0
13033,test,0
8054,test,0
7583,test,0
8942,test,0
16969,test,0
12988,test,0
15339,test,0
4666,test,0
18411,test,0
19922,test,0
15233,test,0
11153,test,0
5400,test,0
473,test,0
15757,test,0
314,test,0
177,test,0
4100,test,0
18715,test,0
9831,test,0
16582,test,0
13531,test,0
12512,test,0
16492,test,0
6375,test,0
15726,test,0
10778,test,0
8800,test,0
17924,test,0
3002,test,0
13142,test,0
6578,test,0
14386,test,0
17015,test,0
3512,test,0
3087,test,0
7581,test,0
4103,test,1
18306,test,0
7418,test,0
2393,test,0
2453,test,0
9394,test,0
14160,test,0
5626,test,0
8281,test,0
9726,test,0
13020,test,0
13526,test,0
10280,test,0
19286,test,0
13932,test,0
16188,test,0
8458,test,0
16077,test,0
4263,test,0
4450,test,0
4168,test,0
11824,test,0
11114,test,0
13667,test,0
5221,test,0
7845,test,0
11607,test,0
6603,test,0
10394,test,0
10893,test,0
19853,test,0
12766,test,0
3430,test,0
16840,test,0
10963,test,0
137,test,0
9587,test,0
2099,test,0
3453,test,0
5202,test,0
13000,test,0
3171,test,0
17695,test,0
18606,test,0
17634,test,0
4858,test,1
875,test,0
1018,test,0
12884,test,0
11342,test,0
16648,test,0
5819,test,0
3775,test,0
13269,test,0
3009,test,0
4342,test,0
3810,test,0
4553,test,0
4798,test,0
15745,test,0
19271,test,0
11877,test,0
11174,test,0
531,test,0
2914,test,0
3634,test,0
2942,test,0
14819,test,0
7061,test,0
15201,test,0
19074,test,0
4214,test,0
7849,test,0
9872,test,0
7404,test,0
2098,test,0
9172,test,0
10507,test,0
3457,test,0
8123,test,0
688,test,0
18797,test,0
14955,test,0
13764,test,0
10007,test,0
10880,test,0
7000,test,0
3789,test,0
8634,test,0
8739,test,0
11542,test,0
18187,test,0
10047,test,0
16229,test,0
7389,test,0
4008,test,0
16110,test,0
4284,test,0
17074,test,0
14173,test,0
8915,test,0
18661,test,0
6869,test,0
12800,test,0
5742,test,0
2286,test,0
4583,test,0
18827,test,0
14144,test,0
19462,test,0
18014,test,0
10726,test,0
9309,test,0
16796,test,0
16899,test,0
12600,test,0
4674,test,0
9940,test,0
10494,test,0
17894,test,0
19266,test,0
18262,test,0
6422,test,0
3565,test,0
15364,test,0
16177,test,0
19586,test,0
11788,test,0
12528,test,0
18428,test,0
17517,test,0
6248,test,0
10066,test,0
11440,test,0
10093,test,0
14526,test,0
19641,test,0
19781,test,0
9361,test,0
9466,test,0
10214,test,0
9107,test,0
7695,test,0
9120,test,0
4532,test,0
13867,test,0
1487,test,0
1508,test,0
4650,test,0
2679,test,0
18182,test,0
5336,test,0
4797,test,0
14916,test,0
19176,test,0
11719,test,0
15653,test,0
14706,test,0
7018,test,0
17821,test,0
12169,test,0
2266,test,0
6487,test,0
7288,test,0
15751,test,0
5545,test,0
10307,test,0
8215,test,0
12837,test,0
15963,test,0
12778,test,0
8005,test,0
7492,test,0
6888,test,0
5691,test,0
6328,test,0
4771,test,0
6209,test,0
2353,test,0
17663,test,0
19510,test,0
14907,test,0
10346,test,0
9549,test,0
17063,test,0
16400,test,0
7699,test,0
134,test,0
1184,test,0
5351,test,0
5017,test,0
12687,test,0
5259,test,0
8545,test,0
8197,test,0
8295,test,0
9455,test,0
609,test,0
16323,test,0
7273,test,0
2199,test,0
7878,test,0
2803,test,0
17641,test,0
15066,test,0
16943,test,0
13631,test,0
3529,test,0
19458,test,0
11116,test,0
419,test,0
1539,test,0
8053,test,0
15788,test,0
12713,test,0
14448,test,0
15694,test,0
10408,test,0
17664,test,0
2740,test,0
6180,test,0
16173,test,0
12783,test,0
19920,test,0
1684,test,0
7112,test,0
2251,test,0
7510,test,0
6468,test,0
5184,test,0
16795,test,0
5070,test,0
16324,test,0
15532,test,0
9730,test,0
19200,test,0
15887,test,0
9092,test,0
6684,test,0
18274,test,0
6721,test,0
17245,test,0
15900,test,0
4255,test,0
15406,test,0
15159,test,0
1343,test,0
16849,test,0
3505,test,0
15870,test,0
19817,test,0
17852,test,0
5485,test,0
11046,test,0
14772,test,0
16160,test,0
6485,test,0
5313,test,0
18539,test,0
16394,test,0
15956,test,0
14348,test,0
13011,test,0
8923,test,0
14280,test,0
13248,test,0
5372,test,0
3450,test,0
3466,test,0
16714,test,0
2729,test,0
3776,test,0
7671,test,0
810,test,0
7796,test,0
3068,test,0
11801,test,0
17865,test,0
18474,test,0
6491,test,0
16042,test,0
12623,test,0
19409,test,0
10000,test,0
10172,test,0
2467,test,0
13128,test,0
2594,test,0
15673,test,0
13175,test,0
842,test,0
17937,test,0
14999,test,0
19047,test,0
9122,test,0
8483,test,0
13558,test,0
19041,test,0
6394,test,0
15296,test,0
4402,test,0
17003,test,0
1099,test,0
7735,test,0
18379,test,0
11406,test,0
1671,test,0
7406,test,0
4360,test,0
10592,test,0
11390,test,0
4877,test,0
10332,test,0
17055,test,0
9809,test,0
18320,test,0
12712,test,0
3633,test,0
15260,test,0
9163,test,0
18097,test,0
4964,test,0
16941,test,0
14531,test,0
14349,test,0
3218,test,0
18527,test,0
17212,test,0
15536,test,0
10965,test,0
18010,test,0
10475,test,0
14116,test,0
1340,test,0
1492,test,0
11120,test,0
19399,test,0
538,test,0
3813,test,0
3683,test,1
19697,test,0
7477,test,0
3947,test,0
1513,test,0
957,test,0
12514,test,0
9558,test,0
2123,test,0
16449,test,0
17600,test,0
11455,test,0
3105,test,0
2909,test,0
15304,test,0
14974,test,0
10014,test,0
4241,test,0
17257,test,0
19072,test,0
18803,test,0
5373,test,0
5365,test,0
14469,test,0
4043,test,0
18098,test,0
14429,test,0
5869,test,0
4549,test,0
2252,test,0
14632,test,0
557,test,0
8655,test,0
19712,test,0
13584,test,0
2055,test,0
6871,test,0
4617,test,0
9886,test,0
14865,test,0
17843,test,0
12229,test,0
3521,test,0
18410,test,0
7979,test,0
15263,test,0
6720,test,0
15680,test,0
19868,test,0
7590,test,0
10310,test,0
3238,test,0
11485,test,0
4262,test,0
19790,test,0
17285,test,0
6142,test,0
1177,test,0
6052,test,0
11770,test,0
1037,test,0
2469,test,0
14126,test,0
6936,test,0
98,test,0
1485,test,0
6416,test,0
18646,test,0
9391,test,0
13988,test,0
15219,test,0
6950,test,0
18000,test,0
5886,test,0
12721,test,0
19325,test,0
10406,test,0
2315,test,0
11073,test,0
18996,test,0
12123,test,0
2115,test,0
11009,test,0
15530,test,0
19218,test,0
8927,test,0
6611,test,0
1043,test,0
14997,test,0
2781,test,0
13544,test,0
1592,test,0
14566,test,0
6238,test,0
6577,test,0
6915,test,0
16792,test,0
1632,test,0
7934,test,0
14411,test,0
12286,test,0
18517,test,0
10791,test,0
8366,test,0
7240,test,0
4234,test,0
1190,test,0
7224,test,0
7212,test,0
18513,test,0
2938,test,0
8664,test,0
6065,test,0
161,test,0
11353,test,0
11787,test,0
886,test,0
9423,test,0
8171,test,0
16234,test,0
3051,test,0
11929,test,0
12271,test,0
5059,test,0
11321,test,0
15278,test,0
15183,test,0
7928,test,0
6032,test,0
447,test,0
623,test,0
4849,test,0
7744,test,0
10759,test,0
12179,test,1
19637,test,0
2958,test,0
3004,test,0
14570,test,0
6479,test,0
8081,test,0
13610,test,0
10347,test,0
19221,test,0
17181,test,0
19171,test,0
10343,test,0
13005,test,0
15408,test,0
6817,test,0
5339,test,0
5730,test,0
4415,test,0
4718,test,0
17143,test,0
14460,test,0
5997,test,0
17197,test,0
8690,test,0
13634,test,0
9924,test,0
3467,test,0
18742,test,0
14376,test,0
13179,test,0
11800,test,0
6023,test,0
18566,test,0
10398,test,0
10083,test,0
6591,test,0
40,test,0
2010,test,0
6764,test,0
12617,test,0
9996,test,0
17521,test,0
13696,test,0
14903,test,0
14138,test,0
14854,test,0
1559,test,0
15121,test,0
7584,test,0
15379,test,0
704,test,0
15068,test,0
14325,test,0
5006,test,0
18698,test,0
14883,test,0
123,test,0
16912,test,0
9557,test,0
13365,test,0
1373,test,0
12153,test,0
1644,test,0
11987,test,0
19494,test,0
11735,test,0
5854,test,0
7205,test,0
5300,test,0
6001,test,0
15785,test,0
15249,test,0
5298,test,0
17377,test,0
11894,test,0
12975,test,0
2418,test,0
8706,test,0
2744,test,0
6444,test,0
1945,test,0
15595,test,0
17098,test,0
5593,test,0
4446,test,0
15985,test,0
10516,test,0
6813,test,0
3697,test,0
6511,test,0
3799,test,0
14004,test,0
12999,test,0
15974,test,0
14163,test,0
17364,test,0
13468,test,0
5567,test,0
9402,test,0
17834,test,0
18171,test,0
14040,test,0
11130,test,0
5309,test,0
5038,test,0
6553,test,0
7371,test,0
14442,test,0
12652,test,0
19350,test,0
6733,test,0
10521,test,0
1435,test,0
580,test,0
342,test,0
2345,test,0
19168,test,0
3334,test,0
6621,test,0
1768,test,0
2187,test,0
15983,test,0
9519,test,0
10550,test,0
8208,test,0
1460,test,0
10734,test,0
1919,test,0
7046,test,0
6286,test,0
9117,test,0
11721,test,0
1636,test,0
5971,test,0
8336,test,0
17883,test,0
12824,test,0
355,test,0
18867,test,0
5526,test,0
18825,test,0
12440,test,0
15994,test,0
17519,test,0
6904,test,0
17128,test,0
13789,test,0
18605,test,0
4344,test,0
9053,test,0
17412,test,0
11447,test,0
18153,test,0
13958,test,0
11544,test,0
18405,test,0
2283,test,0
13767,test,0
16856,test,0
1084,test,0
7249,test,0
6930,test,0
9397,test,0
16228,test,0
10943,test,0
3344,test,0
17732,test,0
13276,test,0
9539,test,0
16027,test,0
17222,test,0
15246,test,0
3382,test,0
12868,test,0
3211,test,0
17211,test,0
17917,test,0
5083,test,0
12776,test,0
47,test,0
10938,test,0
15564,test,0
8741,test,0
10729,test,0
819,test,0
10479,test,0
9894,test,0
12986,test,0
12801,test,0
11464,test,0
6786,test,0
5159,test,0
6288,test,0
11328,test,0
6879,test,0
5145,test,0
15986,test,0
10431,test,0
15544,test,0
4123,test,0
10377,test,0
17772,test,0
8521,test,0
8343,test,0
13382,test,0
734,test,0
15020,test,0
17523,test,0
14083,test,0
11764,test,0
1960,test,0
11313,test,0
5276,test,0
11956,test,0
16448,test,0
12230,test,0
8389,test,0
8423,test,0
18852,test,0
10918,test,0
19626,test,0
12278,test,0
8838,test,0
17299,test,0
5012,test,0
2008,test,0
1895,test,0
8100,test,0
9532,test,0
8657,test,0
1123,test,0
9967,test,0
12424,test,0
9989,test,0
18521,test,0
12638,test,0
3429,test,0
4460,test,0
5761,test,0
19015,test,0
11255,test,0
13044,test,0
4622,test,0
3935,test,0
12773,test,0
14585,test,0
3927,test,0
8151,test,0
3873,test,0
7612,test,0
17205,test,0
8705,test,0
7446,test,0
15265,test,0
12598,test,0
11107,test,0
464,test,0
12335,test,0
9014,test,0
2191,test,0
15076,test,0
12747,test,0
17263,test,0
15443,test,0
6107,test,0
197,test,0
16196,test,0
18944,test,0
11481,test,0
3559,test,0
5624,test,0
14567,test,0
508,test,0
18952,test,0
5920,test,0
3176,test,0
17009,test,0
14660,test,0
1540,test,0
942,test,0
18200,test,0
2294,test,0
6412,test,0
17996,test,0
17675,test,0
16214,test,0
15376,test,0
17424,test,0
1116,test,1
13880,test,0
8405,test,0
2281,test,0
3551,test,0
9328,test,0
15969,test,0
17079,test,0
3377,test,0
18071,test,0
7730,test,0
15162,test,0
1059,test,0
11596,test,0
8437,test,0
10138,test,0
12601,test,0
10019,test,0
17793,test,0
5508,test,0
8787,test,0
5914,test,0
9550,test,0
17799,test,0
13154,test,0
2876,test,0
3137,test,0
7167,test,0
2273,test,0
14846,test,0
13773,test,0
6765,test,0
9417,test,0
14492,test,0
8131,test,0
6960,test,0
6164,test,0
4020,test,0
1838,test,0
10233,test,0
14978,test,0
15389,test,0
14616,test,0
12086,test,0
6913,test,0
15310,test,0
9686,test,0
2760,test,0
15784,test,0
15134,test,0
13693,test,0
11079,test,0
15217,test,0
14718,test,0
11350,test,0
13709,test,0
13249,test,0
19728,test,0
6105,test,0
15867,test,0
26,test,0
6755,test,0
472,test,0
16200,test,0
8364,test,0
9441,test,0
18723,test,0
16962,test,0
1757,test,0
7956,test,0
16942,test,0
11149,test,0
7976,test,0
14229,test,0
8867,test,0
15535,test,0
12246,test,0
14157,test,0
6844,test,0
15172,test,0
5787,test,0
12565,test,0
8552,test,0
7328,test,0
9138,test,0
11978,test,0
10798,test,0
1695,test,0
17302,test,0
4028,test,0
14643,test,0
13045,test,0
3988,test,0
936,test,0
10679,test,0
17779,test,0
9153,test,0
712,test,0
1969,test,0
9179,test,0
15211,test,0
14422,test,0
9622,test,0
5557,test,0
126,test,0
9486,test,0
14005,test,0
9564,test,0
8537,test,0
5416,test,0
14031,test,0
6708,test,0
15945,test,0
15965,test,0
8717,test,0
19258,test,0
9304,test,0
10128,test,0
16563,test,0
12198,test,0
19208,test,0
6072,test,0
5570,test,0
17526,test,0
3311,test,0
15078,test,0
17579,test,0
12586,test,0
1314,test,0
16385,test,0
6728,test,0
12082,test,0
11302,test,0
8773,test,0
19246,test,0
15876,test,0
520,test,0
2424,test,0
11231,test,0
13754,test,0
2437,test,0
3825,test,0
6570,test,0
13,test,0
13311,test,0
15136,test,0
6396,test,0
19995,test,0
12993,test,0
3939,test,0
6554,test,0
3523,test,0
183,test,0
19272,test,0
15210,test,0
10753,test,0
8849,test,0
7081,test,0
1779,test,0
13723,test,0
15905,test,0
13449,test,0
14550,test,0
12095,test,0
4484,test,0
9567,test,0
15229,test,0
18998,test,0
8068,test,0
17791,test,0
18772,test,1
10724,test,0
14002,test,0
2093,test,0
15108,test,0
17767,test,0
11198,test,0
10362,test,0
8976,test,0
7362,test,0
16761,test,0
6024,test,0
1764,test,0
1125,test,0
11528,test,0
14020,test,0
14480,test,0
4465,test,0
12873,test,0
9038,test,0
9177,test,0
3574,test,0
13134,test,0
2882,test,0
4585,test,0
180,test,0
11104,test,0
5121,test,0
18796,test,0
18177,test,0
4102,test,0
18914,test,0
413,test,0
687,test,0
1858,test,0
8677,test,0
19438,test,0
8715,test,0
1970,test,0
11747,test,0
8240,test,0
15950,test,0
1963,test,0
19042,test,0
12684,test,0
8015,test,0
5818,test,0
16890,test,0
11694,test,0
4239,test,0
7779,test,0
10382,test,0
19005,test,0
2590,test,0
5602,test,0
14466,test,0
8392,test,0
930,test,0
3322,test,0
12938,test,0
16687,test,0
10413,test,0
18009,test,0
9471,test,0
1905,test,0
5907,test,0
11743,test,0
13777,test,0
2458,test,0
2034,test,0
19599,test,0
13357,test,0
13171,test,0
13607,test,0
14079,test,0
13184,test,0
4289,test,0
7626,test,0
14058,test,0
14649,test,0
3864,test,0
19333,test,0
2089,test,0
412,test,0
10871,test,0
11746,test,0
15859,test,0
4707,test,0
2974,test,0
13183,test,0
6014,test,0
11670,test,0
2215,test,0
13358,test,0
683,test,0
7164,test,0
5778,test,0
19631,test,0
4637,test,0
1850,test,0
4856,test,0
6386,test,0
3495,test,0
7131,test,0
6657,test,0
7360,test,0
10888,test,0
18747,test,0
13459,test,0
7837,test,0
6812,test,0
5461,test,0
10716,test,0
15778,test,0
19094,test,0
8742,test,0
1511,test,0
1321,test,0
16988,test,0
4574,test,0
17113,test,0
13511,test,0
10614,test,0
12015,test,0
3513,test,0
18590,test,0
12235,test,0
15602,test,0
4389,test,0
5781,test,0
1337,test,0
18658,test,0
8736,test,0
14887,test,0
5403,test,0
16956,test,0
15996,test,0
15570,test,0
15614,test,0
12828,test,0
18254,test,0
14596,test,0
10174,test,0
7160,test,0
12887,test,0
8451,test,0
3143,test,0
15515,test,0
13046,test,0
6481,test,0
5992,test,0
5023,test,0
10226,test,0
16111,test,0
7607,test,0
16511,test,0
5459,test,0
7032,test,0
4148,test,0
2274,test,0
12378,test,0
3085,test,0
12295,test,0
15944,test,0
13848,test,0
13247,test,0
3056,test,0
11723,test,0
3170,test,0
14439,test,0
8421,test,0
12621,test,0
14104,test,0
10334,test,0
10808,test,0
13428,test,0
3115,test,0
9140,test,0
389,test,0
16054,test,0
6986,test,0
8737,test,0
8568,test,0
11229,test,0
3209,test,0
11044,test,0
4120,test,0
14838,test,0
523,test,0
3055,test,0
4401,test,0
2893,test,0
5959,test,0
3204,test,0
3756,test,0
5136,test,0
6430,test,0
3594,test,0
4831,test,0
11854,test,0
6411,test,0
129,test,0
12436,test,0
10267,test,0
5396,test,0
12465,test,0
9054,test,0
9935,test,0
19606,test,0
1243,test,0
18353,test,0
12748,test,0
7403,test,0
17226,test,0
13037,test,0
2135,test,0
12971,test,0
13931,test,0
2235,test,0
16504,test,0
4215,test,0
9216,test,0
14375,test,0
14479,test,0
3867,test,0
17900,test,0
6994,test,0
11082,test,0
18415,test,0
6738,test,0
13615,test,0
1241,test,0
18934,test,0
11176,test,0
1290,test,0
17632,test,0
1330,test,0
12894,test,0
11106,test,0
19734,test,0
3206,test,0
15921,test,0
17989,test,0
11152,test,0
2565,test,0
2384,test,0
4864,test,0
14155,test,0
16756,test,0
13972,test,0
2661,test,0
18240,test,0
15577,test,0
12812,test,0
2366,test,0
16541,test,0
19977,test,0
2772,test,0
14217,test,0
18629,test,0
7,test,0
6534,test,0
18140,test,0
5923,test,0
7810,test,0
5106,test,0
10781,test,0
5912,test,0
10713,test,0
13052,test,0
4041,test,0
11774,test,0
11161,test,0
13724,test,0
2011,test,0
417,test,0
2070,test,0
17983,test,0
12796,test,0
1663,test,0
1351,test,0
14673,test,0
12363,test,0
14667,test,0
13348,test,0
4810,test,0
19084,test,0
8275,test,0
2019,test,0
1273,test,0
14156,test,0
7361,test,0
13650,test,0
14378,test,0
4850,test,0
17680,test,0
17613,test,0
18328,test,0
6427,test,0
13514,test,0
19225,test,0
2338,test,0
10439,test,0
14924,test,0
19058,test,0
11452,test,0
9635,test,0
5679,test,0
10864,test,0
649,test,0
6797,test,0
17453,test,0
8635,test,0
15749,test,0
9468,test,0
6914,test,0
17889,test,0
804,test,0
18992,test,0
19145,test,0
17481,test,0
12406,test,0
18147,test,0
4524,test,0
11354,test,0
5399,test,0
6848,test,0
4883,test,0
16475,test,0
288,test,0
4245,test,0
984,test,0
675,test,0
967,test,0
14782,test,0
16850,test,0
2500,test,0
14991,test,0
8908,test,0
8793,test,0
1986,test,0
11478,test,0
1282,test,0
11386,test,0
12212,test,0
5993,test,0
7101,test,0
1747,test,0
1398,test,0
17371,test,0
19779,test,0
8837,test,0
2845,test,0
14928,test,0
3745,test,0
1153,test,0
16663,test,0
19657,test,0
17711,test,0
14885,test,0
17574,test,0
13031,test,0
12909,test,0
2962,test,0
5181,test,0
13208,test,0
16606,test,0
2660,test,0
11205,test,0
6588,test,0
4340,test,0
8394,test,0
24,test,0
11627,test,0
3493,test,0
12141,test,0
8840,test,0
328,test,0
16528,test,0
8218,test,0
16303,test,0
9800,test,0
5197,test,0
5064,test,0
17333,test,0
10181,test,0
8599,test,0
18676,test,0
11514,test,0
18779,test,0
6160,test,0
14789,test,0
9727,test,0
14023,test,0
16689,test,0
16719,test,0
1377,test,0
4651,test,0
8457,test,0
6034,test,0
1813,test,0
16918,test,0
13997,test,0
12540,test,0
10186,test,0
18926,test,0
19691,test,0
5790,test,0
1958,test,0
13528,test,0
11999,test,0
1667,test,0
5312,test,0
6576,test,0
11024,test,0
4016,test,0
13013,test,0
9710,test,0
1105,test,0
11356,test,0
6190,test,0
13912,test,0
950,test,0
6846,test,0
15599,test,0
15213,test,0
8176,test,0
13875,test,0
6825,test,0
592,test,0
10933,test,0
11055,test,0
12674,test,0
7322,test,0
16953,test,0
1753,test,0
17155,test,0
1816,test,0
2707,test,0
7766,test,0
7823,test,0
488,test,0
17092,test,0
1807,test,0
5582,test,0
7813,test,0
206,test,0
18045,test,0
10593,test,0
14362,test,0
15314,test,0
5111,test,0
19080,test,0
5928,test,0
18980,test,0
2929,test,0
2244,test,0
11648,test,0
12511,test,0
3628,test,0
2400,test,0
10302,test,0
6567,test,0
17024,test,0
12251,test,0
12950,test,0
4192,test,0
10209,test,0
17614,test,0
7991,test,0
5296,test,0
9700,test,0
13707,test,0
15369,test,0
17847,test,0
6726,test,0
8529,test,0
8230,test,0
4349,test,0
8807,test,0
3102,test,0
10224,test,0
19543,test,0
17053,test,0
9133,test,0
7882,test,0
3822,test,0
11384,test,0
19425,test,0
3150,test,0
18631,test,0
18545,test,0
8180,test,0
12093,test,0
9430,test,0
11645,test,0
11884,test,0
3506,test,0
18744,test,0
19544,test,0
12272,test,0
17409,test,0
11102,test,0
15128,test,0
1615,test,0
307,test,0
19366,test,0
15801,test,0
10450,test,0
11472,test,0
10611,test,0
7650,test,0
5410,test,0
7841,test,0
9702,test,0
6545,test,0
941,test,0
6004,test,0
16963,test,0
8725,test,0
13861,test,0
6515,test,0
14405,test,0
230,test,0
9544,test,0
9200,test,0
13141,test,0
2706,test,0
18580,test,0
12803,test,0
3879,test,0
8794,test,0
11135,test,0
18137,test,0
2434,test,0
15444,test,0
1687,test,0
5151,test,0
6148,test,0
16901,test,0
2890,test,0
14227,test,0
13455,test,0
16178,test,0
2355,test,0
6140,test,0
5240,test,0
11955,test,0
16100,test,0
6199,test,0
1165,test,0
10134,test,0
7554,test,0
17389,test,0
5190,test,0
13850,test,0
14496,test,0
15462,test,0
2540,test,0
8926,test,0
18847,test,0
8582,test,0
14141,test,0
12743,test,0
7129,test,0
3214,test,0
12417,test,0
1567,test,0
19858,test,0
10356,test,0
7332,test,0
2016,test,0
12007,test,0
13761,test,0
640,test,0
12326,test,0
16060,test,0
7454,test,0
4913,test,0
196,test,0
4348,test,0
4966,test,0
8401,test,0
5363,test,0
3836,test,0
13554,test,0
13040,test,0
7237,test,0
15830,test,0
15571,test,0
17773,test,0
6169,test,0
3029,test,0
6631,test,0
10300,test,0
12116,test,0
1755,test,0
13588,test,0
11650,test,0
15371,test,0
12302,test,0
16203,test,0
14717,test,0
13187,test,0
18148,test,0
6135,test,0
420,test,0
802,test,0
17875,test,0
13593,test,0
2919,test,0
11488,test,0
8501,test,0
3332,test,0
14165,test,0
8561,test,0
11250,test,0
16245,test,0
17234,test,0
9852,test,0
11414,test,0
8002,test,0
9791,test,0
5034,test,0
7309,test,0
10046,test,0
8772,test,0
12752,test,0
10529,test,0
1638,test,0
535,test,0
19713,test,0
17073,test,0
3436,test,0
12578,test,0
19130,test,0
3602,test,0
13567,test,0
17832,test,0
3908,test,0
7565,test,0
4039,test,0
19669,test,0
14350,test,0
9792,test,0
7556,test,0
9448,test,0
8749,test,0
10243,test,0
2478,test,0
10269,test,0
11,test,0
14171,test,0
10288,test,0
14768,test,0
17180,test,0
586,test,0
18511,test,0
11871,test,0
9972,test,0
5749,test,0
3449,test,0
7215,test,0
8985,test,0
8819,test,0
18335,test,0
5395,test,0
18909,test,0
3187,test,0
15690,test,0
8871,test,0
14711,test,0
3246,test,0
2675,test,0
7399,test,0
3314,test,0
1894,test,0
11635,test,0
11311,test,0
9712,test,0
5112,test,0
4031,test,0
18192,test,0
7821,test,0
8914,test,0
10042,test,0
9822,test,0
12717,test,0
9783,test,0
8026,test,0
10681,test,0
19560,test,0
18063,test,0
18500,test,0
16498,test,0
2998,test,0
3621,test,0
1186,test,0
18543,test,0
7251,test,0
7435,test,0
9933,test,0
15399,test,0
18717,test,0
4654,test,0
13530,test,0
10016,test,0
3846,test,0
1672,test,0
13725,test,0
8345,test,0
469,test,0
14530,test,0
19950,test,0
16508,test,0
6796,test,0
11773,test,0
4930,test,0
9705,test,0
12184,test,0
15074,test,0
14696,test,0
1549,test,0
13390,test,0
2511,test,0
837,test,0
2131,test,0
2970,test,0
6131,test,0
2567,test,0
14900,test,0
3974,test,0
10115,test,0
17736,test,0
7304,test,0
13673,test,0
3964,test,0
14476,test,0
8214,test,0
11411,test,0
13297,test,0
2517,test,0
16172,test,0
6099,test,0
12458,test,0
18369,test,0
14512,test,0
1242,test,0
9277,test,0
14792,test,0
8814,test,0
5406,test,0
11526,test,0
2857,test,0
16715,test,0
12858,test,0
5889,test,0
16132,test,0
13213,test,0
17701,test,0
15658,test,0
6241,test,0
9810,test,0
8610,test,0
7208,test,0
19960,test,0
1849,test,0
2180,test,0
11771,test,0
13270,test,0
9748,test,0
11254,test,0
9507,test,0
4787,test,0
7975,test,0
19391,test,0
2314,test,0
7861,test,0
13519,test,0
10755,test,0
14658,test,0
16335,test,0
1890,test,0
8789,test,0
13051,test,0
16782,test,0
6716,test,0
12431,test,0
1046,test,0
19021,test,0
7840,test,0
9483,test,0
16428,test,0
10194,test,0
7268,test,0
14235,test,0
14133,test,0
11220,test,0
19608,test,0
7382,test,0
8941,test,0
14481,test,0
17378,test,0
15989,test,0
10089,test,0
1009,test,0
654,test,0
3819,test,0
7142,test,0
10575,test,0
1961,test,0
15023,test,0
17557,test,0
7649,test,0
13406,test,0
14663,test,0
18741,test,0
15737,test,0
8744,test,0
19825,test,0
2797,test,0
14474,test,0
19470,test,0
10607,test,0
6617,test,0
4620,test,0
9242,test,0
9403,test,0
14609,test,0
578,test,0
16678,test,0
2378,test,0
3567,test,0
13734,test,0
18597,test,0
2326,test,0
16569,test,0
7618,test,0
4322,test,0
5092,test,0
9075,test,0
5456,test,0
13975,test,0
13603,test,0
9711,test,0
13503,test,0
1661,test,0
5369,test,0
18534,test,0
15779,test,0
18390,test,0
16307,test,0
7156,test,0
8388,test,0
19830,test,0
460,test,0
1595,test,0
689,test,0
4656,test,0
10429,test,0
18504,test,0
3317,test,0
3403,test,0
12709,test,0
16848,test,0
12639,test,0
17972,test,0
16152,test,0
9358,test,0
8255,test,0
2168,test,0
4377,test,0
14203,test,0
8733,test,0
13580,test,0
3092,test,0
6547,test,0
8964,test,0
16329,test,0
19356,test,0
9631,test,0
10954,test,0
10665,test,0
11408,test,0
12933,test,0
13074,test,0
5792,test,0
12559,test,0
14982,test,0
1499,test,0
4953,test,0
12468,test,1
13728,test,0
4170,test,0
6896,test,0
19478,test,0
278,test,0
4065,test,0
6110,test,0
1587,test,0
11626,test,0
17971,test,0
17742,test,0
18217,test,0
19385,test,0
8007,test,0
14941,test,0
880,test,0
12003,test,0
17201,test,0
11599,test,0
15505,test,0
761,test,0
14898,test,0
10517,test,0
17783,test,0
12281,test,0
14364,test,0
88,test,0
5493,test,0
5367,test,0
327,test,0
5419,test,0
9262,test,0
16235,test,0
11529,test,0
2787,test,0
6442,test,0
4754,test,0
10249,test,0
12799,test,0
15424,test,0
14505,test,0
16805,test,0
4601,test,0
9870,test,0
19845,test,0
10086,test,0
321,test,0
2088,test,0
10556,test,0
2414,test,0
3293,test,0
707,test,0
18792,test,0
18936,test,0
10201,test,0
4285,test,0
3726,test,0
12309,test,0
12305,test,0
15017,test,0
6703,test,1
5036,test,0
7881,test,0
12232,test,0
1135,test,0
14132,test,0
6958,test,0
2006,test,0
293,test,0
5986,test,0
10449,test,0
18700,test,0
5443,test,0
11996,test,0
2417,test,0
11590,test,0
3166,test,0
10752,test,0
5797,test,0
16903,test,0
11281,test,0
19629,test,0
8296,test,0
11319,test,0
285,test,0
3153,test,0
4885,test,0
4890,test,0
9812,test,0
5027,test,0
17485,test,0
10512,test,0
11100,test,0
1154,test,0
17028,test,0
8765,test,0
113,test,0
8815,test,0
3736,test,0
5513,test,0
19375,test,0
19435,test,0
9970,test,0
12024,test,0
6605,test,0
7752,test,0
2308,test,0
4329,test,0
19660,test,0
8536,test,0
14562,test,0
14587,test,0
19961,test,0
10641,test,0
6021,test,0
5511,test,0
4077,test,0
9318,test,0
1482,test,0
15132,test,0
9529,test,0
16239,test,0
2685,test,0
11704,test,0
18496,test,0
744,test,0
11805,test,0
16993,test,0
9624,test,0
15197,test,0
8686,test,0
4291,test,0
9076,test,0
7585,test,0
9610,test,0
12233,test,0
3613,test,0
17374,test,0
12595,test,0
5699,test,0
9627,test,0
3244,test,0
12883,test,0
12918,test,0
19694,test,0
16265,test,0
15683,test,0
16739,test,0
12331,test,0
18877,test,0
15261,test,0
14208,test,0
15542,test,0
14981,test,0
8865,test,0
19233,test,0
561,test,0
10286,test,0
12946,test,0
6724,test,0
18549,test,0
17539,test,0
8192,test,0
9910,test,0
6170,test,0
5393,test,0
3149,test,0
2153,test,0
11112,test,0
16094,test,0
214,test,0
13453,test,0
5502,test,0
18250,test,0
14778,test,0
5883,test,0
8463,test,0
8051,test,0
10435,test,0
10127,test,0
1041,test,0
17472,test,0
17884,test,0
12046,test,0
13302,test,0
17536,test,0
12618,test,0
9485,test,0
14357,test,0
7265,test,0
12081,test,0
4135,test,0
3101,test,0
4221,test,0
14150,test,0
8260,test,0
12845,test,0
1720,test,0
18219,test,0
5218,test,0
14452,test,0
8806,test,0
4765,test,0
15750,test,0
13805,test,0
3411,test,0
13477,test,0
6184,test,0
7826,test,0
17992,test,0
3618,test,0
1329,test,0
2335,test,0
8764,test,0
5026,test,0
5137,test,0
15873,test,0
9218,test,0
18853,test,0
19959,test,0
9820,test,0
8753,test,0
1739,test,0
12772,test,0
449,test,0
2996,test,0
19468,test,0
4860,test,0
670,test,0
15403,test,0
15843,test,0
9065,test,0
14627,test,0
16181,test,0
19797,test,0
2827,test,0
10116,test,0
12252,test,0
10669,test,0
7516,test,0
1480,test,0
3654,test,0
18762,test,0
11215,test,0
11296,test,0
9630,test,0
9317,test,0
3656,test,0
11468,test,0
15119,test,0
17888,test,0
18732,test,0
4498,test,0
5362,test,0
13024,test,0
16190,test,0
1065,test,0
749,test,0
7620,test,0
3971,test,0
2386,test,0
5352,test,0
4212,test,0
11680,test,0
18263,test,0
17131,test,0
13253,test,0
3316,test,0
13263,test,0
14220,test,0
7043,test,0
4793,test,0
11096,test,0
17976,test,0
7945,test,0
9077,test,0
4473,test,0
9131,test,0
17406,test,0
1678,test,0
13162,test,0
12096,test,0
8087,test,0
12226,test,0
19870,test,0
13595,test,0
16680,test,0
15479,test,0
13285,test,0
9780,test,0
3772,test,0
4580,test,0
4988,test,0
3065,test,0
5654,test,0
14719,test,0
13426,test,0
15281,test,0
12784,test,0
11394,test,0
7706,test,0
1568,test,0
8470,test,0
12412,test,0
4462,test,0
256,test,0
2220,test,0
1929,test,0
12193,test,0
19689,test,0
9344,test,0
13987,test,0
9415,test,0
3981,test,0
13776,test,0
4330,test,0
11699,test,0
1819,test,0
15608,test,0
2449,test,0
3016,test,0
19428,test,0
8264,test,0
19504,test,0
15686,test,0
16159,test,0
18893,test,0
17140,test,0
902,test,0
3278,test,0
10264,test,0
2260,test,0
12033,test,0
500,test,0
1237,test,0
19417,test,0
16764,test,0
14092,test,0
10078,test,0
11533,test,0
19068,test,0
8017,test,0
4203,test,0
10728,test,0
2817,test,0
14225,test,0
16386,test,0
7294,test,0
5174,test,0
10301,test,0
3099,test,0
2319,test,0
6789,test,0
18314,test,0
15852,test,0
9241,test,0
18653,test,0
18119,test,0
17246,test,0
19831,test,0
8714,test,0
3393,test,0
11501,test,0
10445,test,0
2107,test,0
7811,test,0
8845,test,0
2318,test,0
5479,test,0
9501,test,0
3767,test,0
1042,test,0
12069,test,0
7086,test,0
19332,test,0
10640,test,0
14288,test,0
6842,test,0
9542,test,0
12101,test,0
18586,test,0
3083,test,0
17048,test,0
12913,test,0
14161,test,0
3428,test,0
12620,test,0
4130,test,0
9275,test,0
5212,test,0
7669,test,0
13904,test,0
19898,test,0
17026,test,0
2571,test,0
16556,test,0
10662,test,0
4227,test,0
14724,test,0
5328,test,0
7838,test,0
6314,test,0
13684,test,0
7244,test,0
4425,test,0
9021,test,0
6076,test,0
11185,test,0
7272,test,0
7093,test,0
5777,test,0
12962,test,0
14743,test,0
17044,test,0
4379,test,0
9813,test,0
13984,test,0
12826,test,0
13629,test,0
5719,test,0
16445,test,0
14034,test,0
10617,test,0
19700,test,0
3639,test,0
16519,test,0
11685,test,0
8209,test,0
7376,test,0
14417,test,0
12073,test,0
7570,test,0
7507,test,0
17390,test,0
15807,test,0
15446,test,0
15774,test,0
13675,test,0
1272,test,0
11200,test,0
11129,test,0
18096,test,0
7010,test,0
1112,test,0
11214,test,0
5853,test,1
7911,test,0
7121,test,0
12693,test,0
14741,test,0
7750,test,0
5319,test,0
74,test,0
7613,test,0
7727,test,0
5152,test,0
18132,test,0
6243,test,0
12401,test,0
15305,test,0
2751,test,0
109,test,0
13636,test,0
15555,test,0
7475,test,0
7872,test,0
18679,test,0
5596,test,0
7479,test,0
11033,test,0
14081,test,0
1049,test,0
9072,test,0
11845,test,0
3164,test,0
19222,test,0
4491,test,0
5230,test,0
12065,test,0
2708,test,0
17890,test,0
15572,test,0
8124,test,0
4325,test,0
6620,test,0
799,test,0
5627,test,0
1375,test,0
14059,test,0
15685,test,0
10303,test,0
12502,test,0
12947,test,0
17157,test,0
9488,test,0
415,test,0
5739,test,0
14739,test,0
2408,test,0
5474,test,0
6177,test,0
12311,test,0
15782,test,0
13950,test,0
16137,test,0
13394,test,0
13157,test,0
15766,test,0
4181,test,0
7746,test,0
15503,test,0
17561,test,0
7904,test,0
14313,test,0
10092,test,0
2606,test,0
6673,test,0
893,test,0
1225,test,0
5913,test,0
7957,test,0
18739,test,0
3353,test,0
19418,test,0
9013,test,0
4456,test,0
4056,test,0
5086,test,0
12354,test,0
17172,test,0
11334,test,0
19542,test,0
2142,test,0
5225,test,0
12553,test,0
995,test,0
11577,test,0
12308,test,0
15118,test,0
7302,test,0
6691,test,0
7645,test,0
13685,test,0
2768,test,0
5726,test,0
19643,test,0
19433,test,0
15988,test,0
3270,test,0
2645,test,0
9927,test,0
2960,test,0
18024,test,0
9325,test,0
9546,test,0
4338,test,0
19018,test,0
13229,test,0
17455,test,0
17282,test,0
17089,test,0
14431,test,0
7947,test,0
12341,test,0
868,test,0
133,test,0
17801,test,0
2242,test,0
2169,test,0
4658,test,0
18116,test,0
6218,test,0
3158,test,0
2100,test,0
16,test,0
2170,test,0
12663,test,0
1370,test,0
29,test,0
15913,test,0
18231,test,0
616,test,0
15173,test,0
2639,test,0
14894,test,0
12042,test,0
5646,test,0
15839,test,0
8038,test,0
9769,test,0
11008,test,0
3337,test,0
18879,test,0
9661,test,0
6767,test,0
11150,test,0
19804,test,0
12972,test,0
17005,test,0
17328,test,0
3119,test,0
13505,test,0
19869,test,0
18678,test,0
7700,test,0
18662,test,0
13323,test,0
19949,test,0
13701,test,0
2360,test,0
16486,test,0
2216,test,0
15252,test,0
17136,test,0
313,test,0
13879,test,0
15857,test,0
4606,test,0
2296,test,0
8228,test,0
5689,test,0
2731,test,0
17331,test,0
3201,test,0
17086,test,0
246,test,0
260,test,0
15714,test,0
165,test,0
12791,test,0
8989,test,0
3597,test,0
11786,test,0
5905,test,0
4881,test,0
3580,test,0
18655,test,0
5149,test,0
19520,test,0
11337,test,0
2118,test,0
537,test,0
14541,test,0
18358,test,0
5320,test,0
9850,test,0
2222,test,0
12381,test,0
17528,test,0
12668,test,0
52,test,0
1852,test,0
7455,test,0
5345,test,0
5382,test,0
18807,test,0
5380,test,0
18330,test,0
17153,test,0
1821,test,0
8758,test,0
9149,test,0
10704,test,0
19351,test,0
948,test,0
1051,test,0
10616,test,0
7310,test,0
17867,test,0
3253,test,0
245,test,0
2371,test,0
10670,test,0
12698,test,0
17513,test,0
19938,test,0
5951,test,0
16421,test,0
14351,test,0
2947,test,0
9982,test,0
12966,test,0
12269,test,0
2344,test,0
10360,test,0
14299,test,0
8943,test,0
10488,test,0
3718,test,0
12067,test,0
2627,test,0
11678,test,0
3,test,1
32,test,0
8472,test,0
7568,test,0
19373,test,0
9255,test,0
5052,test,0
10589,test,0
5714,test,0
15961,test,0
1235,test,0
4647,test,0
11809,test,0
9274,test,0
12924,test,0
12449,test,0
311,test,0
11285,test,0
17194,test,0
2959,test,0
11147,test,0
8700,test,0
6829,test,0
18776,test,0
16127,test,0
927,test,0
19496,test,0
15002,test,0
10663,test,0
3320,test,0
15625,test,0
1338,test,0
12092,test,0
11900,test,0
9464,test,0
10656,test,0
16872,test,0
14089,test,0
3024,test,0
9260,test,0
10184,test,0
10676,test,0
12292,test,0
18065,test,0
7850,test,0
8946,test,0
9701,test,0
15107,test,0
16550,test,0
2806,test,0
14746,test,0
5746,test,1
16336,test,0
14953,test,0
10043,test,0
9102,test,0
7313,test,0
322,test,0
13548,test,0
7862,test,0
7461,test,0
4127,test,0
15489,test,0
3273,test,0
3498,test,0
240,test,0
8443,test,0
10358,test,0
19124,test,0
19265,test,0
16398,test,0
12795,test,0
13407,test,0
18120,test,0
14759,test,0
1268,test,0
16473,test,0
14770,test,0
13025,test,0
12062,test,0
15847,test,0
10469,test,0
455,test,0
11814,test,0
4355,test,0
18822,test,0
16895,test,0
15483,test,0
10632,test,0
10354,test,0
14620,test,0
6289,test,0
2078,test,0
2582,test,0
2795,test,0
14713,test,0
10244,test,0
10491,test,0
9155,test,0
254,test,0
12103,test,0
4482,test,0
5663,test,0
7889,test,0
16992,test,0
249,test,0
14604,test,0
16845,test,0
18502,test,0
17746,test,0
19248,test,0
9351,test,0
15365,test,0
12019,test,0
6771,test,0
9688,test,0
3955,test,0
7269,test,0
19670,test,0
11905,test,0
9050,test,0
9824,test,0
4063,test,0
18477,test,0
7921,test,0
5911,test,0
7908,test,0
8157,test,0
19673,test,0
19896,test,0
14111,test,0
17766,test,0
5694,test,0
10903,test,0
3774,test,0
5964,test,0
5269,test,0
6352,test,0
13415,test,0
18585,test,0
2033,test,0
3217,test,0
7668,test,0
13553,test,0
18486,test,0
6857,test,0
17545,test,0
1436,test,0
3299,test,0
18985,test,0
9257,test,0
122,test,0
16226,test,0
3262,test,0
3042,test,0
12731,test,0
17833,test,0
3205,test,0
18696,test,0
4146,test,0
12728,test,0
9028,test,0
17179,test,0
1724,test,0
7541,test,0
10262,test,0
17281,test,0
19733,test,0
19194,test,0
13313,test,0
18727,test,0
18450,test,0
4537,test,0
9694,test,0
194,test,0
10180,test,0
19000,test,0
16999,test,0
13291,test,0
8378,test,0
19998,test,0
2471,test,0
9127,test,0
11006,test,0
9078,test,0
2313,test,0
2042,test,0
14525,test,0
19987,test,0
12675,test,0
8931,test,0
15976,test,0
4840,test,0
12041,test,0
18515,test,0
18025,test,0
383,test,0
16712,test,0
1062,test,0
7822,test,0
7444,test,0
961,test,0
1766,test,0
6425,test,0
19607,test,0
13328,test,0
16533,test,0
1531,test,0
13913,test,0
4066,test,0
15795,test,0
16836,test,0
3499,test,0
14682,test,0
17326,test,0
18699,test,0
2352,test,0
17648,test,0
11969,test,0
14400,test,0
11341,test,0
2507,test,0
4160,test,0
15013,test,0
19788,test,0
5660,test,0
16630,test,0
19467,test,0
14589,test,0
13744,test,0
17382,test,0
19113,test,0
17473,test,0
15999,test,0
9011,test,0
3417,test,0
10364,test,0
15224,test,0
9512,test,0
14073,test,0
2312,test,0
7696,test,0
5414,test,0
4790,test,0
2328,test,0
14072,test,0
5800,test,0
19186,test,0
8534,test,0
1293,test,0
8857,test,0
19486,test,0
1418,test,0
9332,test,0
4646,test,0
13235,test,0
7855,test,0
17559,test,0
3924,test,0
13663,test,0
9083,test,0
6792,test,0
11330,test,0
8338,test,0
1536,test,0
13925,test,0
517,test,0
892,test,0
18532,test,0
13884,test,0
3588,test,0
